source_row_index,tripadvisor_id,tripadvisor_url,name,city,raw_cuisine_style,ranking,rating,price_range,number_of_reviews,raw_reviews,embedding_text,latitude,longitude
3853,d5529357,/Restaurant_Review-g187323-d5529357-Reviews-Pane_e_Vino-Berlin.html,Pane e Vino,Berlin,,3855.0,4.0,,17,"[['Cheapest and yummiest Italian food', 'Great'], ['10/31/2016', '10/29/2015']]",Restaurant name: Pane e Vino. City: Berlin. TripAdvisor rating: 4.0 out of 5. Number of reviews: 17. Review snippets: Cheapest and yummiest Italian food; Great.,52.552578,13.352883
552,d2546579,/Restaurant_Review-g187323-d2546579-Reviews-Berliner_Kartoffelhaus-Berlin.html,Berliner Kartoffelhaus,Berlin,"['German', 'European', 'Central European', 'Vegetarian Friendly']",553.0,3.5,$$ - $$$,277,"[['Fab apple strudel', 'Very nice place'], ['01/03/2018', '12/10/2017']]","Restaurant name: Berliner Kartoffelhaus. City: Berlin. Cuisine and dietary tags: German, European, Central European, Vegetarian Friendly. Price range: $$ - $$$. TripAdvisor rating: 3.5 out of 5. Number of reviews: 277. Review snippets: Fab apple strudel; Very nice place.",52.521532,13.394286
759,d2286551,/Restaurant_Review-g187323-d2286551-Reviews-Masaniello-Berlin.html,Masaniello,Berlin,"['Italian', 'Pizza', 'Mediterranean', 'European', 'Vegetarian Friendly']",760.0,4.0,$$ - $$$,315,"[['Italian gem in Kreuzberg', 'The best thing is that Zola is not far fro...'], ['12/30/2017', '06/19/2017']]","Restaurant name: Masaniello. City: Berlin. Cuisine and dietary tags: Italian, Pizza, Mediterranean, European, Vegetarian Friendly. Price range: $$ - $$$. TripAdvisor rating: 4.0 out of 5. Number of reviews: 315. Review snippets: Italian gem in Kreuzberg; The best thing is that Zola is not far fro....",52.531390,13.433574
2958,d5551817,/Restaurant_Review-g187323-d5551817-Reviews-Sapori_del_Sud-Berlin.html,Sapori del Sud,Berlin,,2960.0,5.0,,12,"[['home-style Italian food - tasty! One of th...', 'GREAT ITALIAN FOOD!'], ['07/29/2016', '04/20/2016']]",Restaurant name: Sapori del Sud. City: Berlin. TripAdvisor rating: 5.0 out of 5. Number of reviews: 12. Review snippets: home-style Italian food - tasty! One of th...; GREAT ITALIAN FOOD!.,52.494927,13.428268
1383,d2034969,/Restaurant_Review-g187323-d2034969-Reviews-Strassenbahndepot_Heiligensee-Berlin.html,Strassenbahndepot Heiligensee,Berlin,,1385.0,4.5,,46,"[['Old tram station', 'Absolutely fantastic food and five star se...'], ['08/16/2015', '03/01/2012']]",Restaurant name: Strassenbahndepot Heiligensee. City: Berlin. TripAdvisor rating: 4.5 out of 5. Number of reviews: 46. Review snippets: Old tram station; Absolutely fantastic food and five star se....,52.510019,13.404083
6317,d7000956,/Restaurant_Review-g187323-d7000956-Reviews-L_Arte_Bianca-Berlin.html,L'Arte Bianca,Berlin,,6319.0,2.5,,3,"[[], []]",Restaurant name: L'Arte Bianca. City: Berlin. TripAdvisor rating: 2.5 out of 5. Number of reviews: 3.,52.524906,13.332388
6480,d1358778,/Restaurant_Review-g187323-d1358778-Reviews-Dudenschanke-Berlin.html,Dudenschanke,Berlin,,,,,,,Restaurant name: Dudenschanke. City: Berlin.,52.517863,13.391141
3790,d7284022,/Restaurant_Review-g187323-d7284022-Reviews-Arisu_Sushi-Berlin.html,Arisu Sushi,Berlin,"['Japanese', 'Sushi', 'Asian', 'Vietnamese']",3792.0,4.5,$,8,"[['Great delivery sushi', 'Awesome Vegetarian Sushi & Asian Food'], ['05/11/2016', '05/11/2015']]","Restaurant name: Arisu Sushi. City: Berlin. Cuisine and dietary tags: Japanese, Sushi, Asian, Vietnamese. Price range: $. TripAdvisor rating: 4.5 out of 5. Number of reviews: 8. Review snippets: Great delivery sushi; Awesome Vegetarian Sushi & Asian Food.",52.521149,13.439732
1655,d7214030,/Restaurant_Review-g187323-d7214030-Reviews-Doner_Kebap_Linden_Grill-Berlin.html,Doner Kebap Linden Grill,Berlin,"['Fast Food', 'Turkish', 'Middle Eastern', 'Vegetarian Friendly', 'Halal']",1657.0,4.5,$,42,"[['Delicious - worth a visit!', 'Massive'], ['09/08/2017', '08/11/2017']]","Restaurant name: Doner Kebap Linden Grill. City: Berlin. Cuisine and dietary tags: Fast Food, Turkish, Middle Eastern, Vegetarian Friendly, Halal. Price range: $. TripAdvisor rating: 4.5 out of 5. Number of reviews: 42. Review snippets: Delicious - worth a visit!; Massive.",52.484065,13.462321
6758,d5826427,/Restaurant_Review-g187323-d5826427-Reviews-Mario_s_Patapizza-Berlin.html,Mario's Patapizza,Berlin,,,,,,,Restaurant name: Mario's Patapizza. City: Berlin.,52.480047,13.447460
4455,d7189024,/Restaurant_Review-g187323-d7189024-Reviews-Ristorante_Rosario-Berlin.html,Ristorante Rosario,Berlin,"['Italian', 'Pizza']",4457.0,4.5,,5,"[['A Happy Surprise', 'Inventive menu'], ['04/24/2016', '05/12/2015']]","Restaurant name: Ristorante Rosario. City: Berlin. Cuisine and dietary tags: Italian, Pizza. TripAdvisor rating: 4.5 out of 5. Number of reviews: 5. Review snippets: A Happy Surprise; Inventive menu.",52.492844,13.389762
1652,d5826174,/Restaurant_Review-g187323-d5826174-Reviews-Il_Buco_di_Heidi_Caffe_e_Ristoro-Berlin.html,il Buco di Heidi - Caffe e Ristoro,Berlin,"['Italian', 'International', 'Mediterranean', 'European', 'Delicatessen']",1654.0,4.5,$,21,"[['Beautiful', 'Delish breakky sandwiches'], ['02/11/2017', '06/28/2016']]","Restaurant name: il Buco di Heidi - Caffe e Ristoro. City: Berlin. Cuisine and dietary tags: Italian, International, Mediterranean, European, Delicatessen. Price range: $. TripAdvisor rating: 4.5 out of 5. Number of reviews: 21. Review snippets: Beautiful; Delish breakky sandwiches.",52.481159,13.424690
2206,d5529460,/Restaurant_Review-g187323-d5529460-Reviews-Nea_Olympia_Mediterrane_Kuche-Berlin.html,Nea Olympia Mediterrane Kuche,Berlin,,2208.0,4.5,,14,"[['Delicious food in a welcoming atmosphere'], ['03/18/2015']]",Restaurant name: Nea Olympia Mediterrane Kuche. City: Berlin. TripAdvisor rating: 4.5 out of 5. Number of reviews: 14. Review snippets: Delicious food in a welcoming atmosphere.,52.495484,13.341017
19,d2401778,/Restaurant_Review-g187323-d2401778-Reviews-Asteria-Berlin.html,Asteria,Berlin,"['Mediterranean', 'European', 'Greek', 'Vegetarian Friendly', 'Vegan Options', 'Gluten Free Options']",20.0,4.5,$$ - $$$,448,"[['Moody waiters, cash only, avearage food.', 'Very good'], ['01/08/2018', '01/05/2018']]","Restaurant name: Asteria. City: Berlin. Cuisine and dietary tags: Mediterranean, European, Greek, Vegetarian Friendly, Vegan Options, Gluten Free Options. Price range: $$ - $$$. TripAdvisor rating: 4.5 out of 5. Number of reviews: 448. Review snippets: Moody waiters, cash only, avearage food.; Very good.",52.528921,13.395944
5725,d12500584,/Restaurant_Review-g187323-d12500584-Reviews-Royals_Vuong-Berlin.html,Royals Vuong,Berlin,"['Japanese', 'Cafe', 'Thai', 'Vietnamese', 'Diner']",5727.0,3.5,,4,"[['not cool'], ['07/26/2017']]","Restaurant name: Royals Vuong. City: Berlin. Cuisine and dietary tags: Japanese, Cafe, Thai, Vietnamese, Diner. TripAdvisor rating: 3.5 out of 5. Number of reviews: 4. Review snippets: not cool.",52.547108,13.347020
5085,d5523436,/Restaurant_Review-g187323-d5523436-Reviews-Papa_Imbiss-Berlin.html,Papa-Imbiss,Berlin,,5087.0,4.0,,,"[['Simple and good'], ['02/19/2015']]",Restaurant name: Papa-Imbiss. City: Berlin. TripAdvisor rating: 4.0 out of 5. Review snippets: Simple and good.,52.482915,13.354763
4824,d5506144,/Restaurant_Review-g187323-d5506144-Reviews-Pizza_Dach-Berlin.html,Pizza Dach,Berlin,,4826.0,3.5,,18,"[['Always nice', 'Ruddest people ever'], ['08/23/2016', '06/06/2016']]",Restaurant name: Pizza Dach. City: Berlin. TripAdvisor rating: 3.5 out of 5. Number of reviews: 18. Review snippets: Always nice; Ruddest people ever.,52.558742,13.455596
1614,d8732377,/Restaurant_Review-g187323-d8732377-Reviews-Nu_Eat_Kitchen-Berlin.html,Nu Eat Kitchen,Berlin,"['Asian', 'Thai', 'Chinese', 'Fusion', 'Vietnamese', 'Vegetarian Friendly', 'Vegan Options', 'Gluten Free Options']",1616.0,4.5,$$ - $$$,46,"[['Hi quality cuisine', 'Wow'], ['07/20/2016', '07/09/2016']]","Restaurant name: Nu Eat Kitchen. City: Berlin. Cuisine and dietary tags: Asian, Thai, Chinese, Fusion, Vietnamese, Vegetarian Friendly, Vegan Options, Gluten Free Options. Price range: $$ - $$$. TripAdvisor rating: 4.5 out of 5. Number of reviews: 46. Review snippets: Hi quality cuisine; Wow.",52.516095,13.363803
2909,d5819967,/Restaurant_Review-g187323-d5819967-Reviews-Atti_s_cafe-Berlin.html,atti's cafe,Berlin,,2911.0,5.0,,8,"[['Stopped in on a rainy day!', 'Amazing little coffee shop stop'], ['04/16/2017', '11/01/2016']]",Restaurant name: atti's cafe. City: Berlin. TripAdvisor rating: 5.0 out of 5. Number of reviews: 8. Review snippets: Stopped in on a rainy day!; Amazing little coffee shop stop.,52.520361,13.411394
4919,d10790513,/Restaurant_Review-g187323-d10790513-Reviews-Berliner_Freiheit-Berlin.html,Berliner Freiheit,Berlin,,4921.0,4.0,,5,"[[], []]",Restaurant name: Berliner Freiheit. City: Berlin. TripAdvisor rating: 4.0 out of 5. Number of reviews: 5.,52.546451,13.369462
686,d4107139,/Restaurant_Review-g187323-d4107139-Reviews-5_Cinco_by_Paco_Perez-Berlin.html,5 – Cinco by Paco Perez,Berlin,"['Mediterranean', 'European', 'Spanish', 'International', 'Vegetarian Friendly', 'Gluten Free Options']",687.0,4.0,$$$$,128,"[['Diner', 'Refined inventive cuisine'], ['12/01/2017', '03/05/2017']]","Restaurant name: 5 – Cinco by Paco Perez. City: Berlin. Cuisine and dietary tags: Mediterranean, European, Spanish, International, Vegetarian Friendly, Gluten Free Options. Price range: $$$$. TripAdvisor rating: 4.0 out of 5. Number of reviews: 128. Review snippets: Diner; Refined inventive cuisine.",52.501605,13.372432
4573,d6783701,/Restaurant_Review-g187323-d6783701-Reviews-Cafe_Wimpernboutique-Berlin.html,Cafe Wimpernboutique,Berlin,,4575.0,4.0,,14,"[['Amazing Coffee and service', 'delightfully inviting and cozy - great for...'], ['04/11/2017', '03/20/2016']]",Restaurant name: Cafe Wimpernboutique. City: Berlin. TripAdvisor rating: 4.0 out of 5. Number of reviews: 14. Review snippets: Amazing Coffee and service; delightfully inviting and cozy - great for....,52.484270,13.430262
4105,d5513913,/Restaurant_Review-g187323-d5513913-Reviews-Restaurant_Pinelli-Berlin.html,Restaurant Pinelli,Berlin,['International'],4107.0,4.5,$,7,"[['Surprisingly good small restaurant at loca...', 'A local Schöneberg restaurant with very go...'], ['06/22/2016', '06/15/2014']]",Restaurant name: Restaurant Pinelli. City: Berlin. Cuisine and dietary tags: International. Price range: $. TripAdvisor rating: 4.5 out of 5. Number of reviews: 7. Review snippets: Surprisingly good small restaurant at loca...; A local Schöneberg restaurant with very go....,52.517169,13.384866
3378,d12686066,/Restaurant_Review-g187323-d12686066-Reviews-Delicious-Berlin.html,Delicious,Berlin,,3380.0,5.0,,,"[[], []]",Restaurant name: Delicious. City: Berlin. TripAdvisor rating: 5.0 out of 5.,52.498145,13.415359
6290,d9750223,/Restaurant_Review-g187323-d9750223-Reviews-Auf_die_Hand-Berlin.html,Auf die Hand,Berlin,,6292.0,2.0,,3,"[[], []]",Restaurant name: Auf die Hand. City: Berlin. TripAdvisor rating: 2.0 out of 5. Number of reviews: 3.,52.529028,13.462723
4907,d10193248,/Restaurant_Review-g187323-d10193248-Reviews-Asiagourmet-Berlin.html,Asiagourmet,Berlin,"['Chinese', 'Asian', 'Thai']",4909.0,3.5,,4,"[['Average Asian-style fast food'], ['04/16/2016']]","Restaurant name: Asiagourmet. City: Berlin. Cuisine and dietary tags: Chinese, Asian, Thai. TripAdvisor rating: 3.5 out of 5. Number of reviews: 4. Review snippets: Average Asian-style fast food.",52.559313,13.428879
2300,d5817961,/Restaurant_Review-g187323-d5817961-Reviews-Cafe_Extrablatt_Wilmersdorfer_Strasse-Berlin.html,Cafe Extrablatt Wilmersdorfer Strasse,Berlin,"['Cafe', 'German', 'Bar', 'European', 'Pub', 'Central European', 'Vegetarian Friendly']",2302.0,3.5,$$ - $$$,48,"[['good wifi, beer and salads', 'Mixed emotions'], ['04/21/2017', '04/14/2017']]","Restaurant name: Cafe Extrablatt Wilmersdorfer Strasse. City: Berlin. Cuisine and dietary tags: Cafe, German, Bar, European, Pub, Central European, Vegetarian Friendly. Price range: $$ - $$$. TripAdvisor rating: 3.5 out of 5. Number of reviews: 48. Review snippets: good wifi, beer and salads; Mixed emotions.",52.527222,13.468098
679,d11621253,/Restaurant_Review-g187323-d11621253-Reviews-Mitho_Cha-Berlin.html,Mitho Cha!,Berlin,"['Asian', 'Tibetan', 'Nepali', 'Vegetarian Friendly', 'Vegan Options']",680.0,4.5,$$ - $$$,32,"[['Typical nepal', 'Authentic and nice'], ['10/25/2017', '10/16/2017']]","Restaurant name: Mitho Cha!. City: Berlin. Cuisine and dietary tags: Asian, Tibetan, Nepali, Vegetarian Friendly, Vegan Options. Price range: $$ - $$$. TripAdvisor rating: 4.5 out of 5. Number of reviews: 32. Review snippets: Typical nepal; Authentic and nice.",52.542778,13.354005
288,d6780640,/Restaurant_Review-g187323-d6780640-Reviews-Restaurant_Masel_Topf-Berlin.html,Restaurant Masel Topf,Berlin,"['Central European', 'Israeli', 'Vegetarian Friendly', 'Vegan Options', 'Gluten Free Options']",289.0,4.5,$$ - $$$,178,"[['Nice experience', 'Everything was Perfect!'], ['12/05/2017', '11/22/2017']]","Restaurant name: Restaurant Masel Topf. City: Berlin. Cuisine and dietary tags: Central European, Israeli, Vegetarian Friendly, Vegan Options, Gluten Free Options. Price range: $$ - $$$. TripAdvisor rating: 4.5 out of 5. Number of reviews: 178. Review snippets: Nice experience; Everything was Perfect!.",52.510078,13.398236
6876,d10508680,/Restaurant_Review-g187323-d10508680-Reviews-Cafe_SPITZER-Berlin.html,Cafe SPITZER,Berlin,"['International', 'Vegan Options', 'Gluten Free Options']",,,$$ - $$$,,,"Restaurant name: Cafe SPITZER. City: Berlin. Cuisine and dietary tags: International, Vegan Options, Gluten Free Options. Price range: $$ - $$$.",52.495729,13.355956
1730,d3139563,/Restaurant_Review-g187323-d3139563-Reviews-Galander-Berlin.html,Galander,Berlin,,1732.0,4.5,,16,"[['Great drinks and service!', 'Busy and Very Smoky'], ['08/05/2017', '04/14/2017']]",Restaurant name: Galander. City: Berlin. TripAdvisor rating: 4.5 out of 5. Number of reviews: 16. Review snippets: Great drinks and service!; Busy and Very Smoky.,52.493797,13.450725
5056,d13076704,/Restaurant_Review-g187323-d13076704-Reviews-Zitronencafe_im_Kornerpark-Berlin.html,Zitronencafe im Kornerpark,Berlin,,5058.0,4.0,,,"[[], []]",Restaurant name: Zitronencafe im Kornerpark. City: Berlin. TripAdvisor rating: 4.0 out of 5.,52.509422,13.411180
4384,d715406,/Restaurant_Review-g187323-d715406-Reviews-Kalkscheune-Berlin.html,Kalkscheune,Berlin,,4386.0,3.5,,27,"[['Party all night long', 'great atmosphere !'], ['09/13/2016', '08/31/2016']]",Restaurant name: Kalkscheune. City: Berlin. TripAdvisor rating: 3.5 out of 5. Number of reviews: 27. Review snippets: Party all night long; great atmosphere !.,52.495964,13.462944
311,d8089663,/Restaurant_Review-g187323-d8089663-Reviews-KING_KING-Berlin.html,KING KING,Berlin,"['Japanese', 'Asian', 'Cambodian', 'Sushi', 'Vietnamese', 'Vegetarian Friendly', 'Vegan Options', 'Gluten Free Options']",312.0,4.5,$$ - $$$,160,"[['Excellent', 'Really nice sushi - not very expensive'], ['09/14/2017', '09/06/2017']]","Restaurant name: KING KING. City: Berlin. Cuisine and dietary tags: Japanese, Asian, Cambodian, Sushi, Vietnamese, Vegetarian Friendly, Vegan Options, Gluten Free Options. Price range: $$ - $$$. TripAdvisor rating: 4.5 out of 5. Number of reviews: 160. Review snippets: Excellent; Really nice sushi - not very expensive.",52.523269,13.335043
5850,d10304720,/Restaurant_Review-g187323-d10304720-Reviews-La_Bolognina-Berlin.html,La Bolognina,Berlin,,5852.0,3.5,,3,"[[], []]",Restaurant name: La Bolognina. City: Berlin. TripAdvisor rating: 3.5 out of 5. Number of reviews: 3.,52.552618,13.367942
6523,d4016388,/Restaurant_Review-g187323-d4016388-Reviews-Mandelmond-Berlin.html,Mandelmond,Berlin,"['Bar', 'Pub']",,,,,,"Restaurant name: Mandelmond. City: Berlin. Cuisine and dietary tags: Bar, Pub.",52.487371,13.400073
6869,d10454627,/Restaurant_Review-g187323-d10454627-Reviews-Neue_Nachbarschaft_Moabit-Berlin.html,Neue Nachbarschaft // Moabit,Berlin,"['German', 'Bar', 'International', 'Pub']",,,$,,,"Restaurant name: Neue Nachbarschaft // Moabit. City: Berlin. Cuisine and dietary tags: German, Bar, International, Pub. Price range: $.",52.528642,13.412607
3350,d12896074,/Restaurant_Review-g187323-d12896074-Reviews-Cumulus_Kneipe-Berlin.html,Cumulus Kneipe,Berlin,,3352.0,5.0,,,"[[], []]",Restaurant name: Cumulus Kneipe. City: Berlin. TripAdvisor rating: 5.0 out of 5.,52.487074,13.341890
4371,d1340598,/Restaurant_Review-g187323-d1340598-Reviews-Asra-Berlin.html,Asra,Berlin,,4373.0,4.0,,23,"[['Try for lunch!', 'Dashed optimism in Germany'], ['09/05/2015', '08/24/2015']]",Restaurant name: Asra. City: Berlin. TripAdvisor rating: 4.0 out of 5. Number of reviews: 23. Review snippets: Try for lunch!; Dashed optimism in Germany.,52.507631,13.388766
3022,d9718128,/Restaurant_Review-g187323-d9718128-Reviews-Baltas_Coffee_Shop-Berlin.html,Baltas Coffee Shop,Berlin,['International'],3024.0,4.5,$,5,"[['Very tasty Bakery', 'Friendly coffee shop'], ['08/06/2016', '01/25/2016']]",Restaurant name: Baltas Coffee Shop. City: Berlin. Cuisine and dietary tags: International. Price range: $. TripAdvisor rating: 4.5 out of 5. Number of reviews: 5. Review snippets: Very tasty Bakery; Friendly coffee shop.,52.489758,13.354623
1411,d5523886,/Restaurant_Review-g187323-d5523886-Reviews-Maharaja-Berlin.html,Maharaja,Berlin,['Indian'],1413.0,4.5,$$ - $$$,34,"[['Good value and decent', 'Magical tastes and service'], ['08/20/2017', '08/13/2017']]",Restaurant name: Maharaja. City: Berlin. Cuisine and dietary tags: Indian. Price range: $$ - $$$. TripAdvisor rating: 4.5 out of 5. Number of reviews: 34. Review snippets: Good value and decent; Magical tastes and service.,52.511499,13.347214
1816,d10045105,/Restaurant_Review-g187323-d10045105-Reviews-Thai_Cuisine-Berlin.html,Thai Cuisine,Berlin,,1818.0,4.5,,17,"[['Tasty Thai cuisine', 'Good thai restaurant!'], ['06/12/2017', '01/13/2017']]",Restaurant name: Thai Cuisine. City: Berlin. TripAdvisor rating: 4.5 out of 5. Number of reviews: 17. Review snippets: Tasty Thai cuisine; Good thai restaurant!.,52.545475,13.434507
2802,d1341422,/Restaurant_Review-g187323-d1341422-Reviews-Bogazici-Berlin.html,Bogazici,Berlin,,2804.0,4.5,,19,"[['Small place n tasty food', 'Classic Donner'], ['01/27/2016', '09/03/2015']]",Restaurant name: Bogazici. City: Berlin. TripAdvisor rating: 4.5 out of 5. Number of reviews: 19. Review snippets: Small place n tasty food; Classic Donner.,52.542520,13.366399
2974,d3323241,/Restaurant_Review-g187323-d3323241-Reviews-Essentis_Vegetarisches_Bio_Restaurant_An_Der_Spree-Berlin.html,Essentis Vegetarisches Bio - Restaurant An Der Spree,Berlin,"['Vegetarian Friendly', 'Vegan Options']",2976.0,4.5,$$ - $$$,15,"[['Mr', 'Amazing place.'], ['09/07/2017', '02/09/2016']]","Restaurant name: Essentis Vegetarisches Bio - Restaurant An Der Spree. City: Berlin. Cuisine and dietary tags: Vegetarian Friendly, Vegan Options. Price range: $$ - $$$. TripAdvisor rating: 4.5 out of 5. Number of reviews: 15. Review snippets: Mr; Amazing place..",52.484788,13.352890
2171,d1359957,/Restaurant_Review-g187323-d1359957-Reviews-Speisekombinat-Berlin.html,Speisekombinat,Berlin,"['Mediterranean', 'Grill', 'Italian', 'German', 'European', 'Vegetarian Friendly']",2173.0,3.5,$$ - $$$,130,"[['Pot Luck', 'Food and service verage'], ['11/15/2017', '09/24/2017']]","Restaurant name: Speisekombinat. City: Berlin. Cuisine and dietary tags: Mediterranean, Grill, Italian, German, European, Vegetarian Friendly. Price range: $$ - $$$. TripAdvisor rating: 3.5 out of 5. Number of reviews: 130. Review snippets: Pot Luck; Food and service verage.",52.504321,13.335448
5676,d10341101,/Restaurant_Review-g187323-d10341101-Reviews-Laden-Berlin.html,Laden,Berlin,,5678.0,3.0,,2,"[[""Don't go here!""], ['05/21/2016']]",Restaurant name: Laden. City: Berlin. TripAdvisor rating: 3.0 out of 5. Number of reviews: 2. Review snippets: Don't go here!.,52.511997,13.450107
3917,d4509925,/Restaurant_Review-g187323-d4509925-Reviews-Babis_Ouzeri-Berlin.html,Babis' Ouzeri,Berlin,['Greek'],3919.0,4.5,,6,"[['Yes - Excellent Lamb Shank', 'The best and softest Lamb shank I ever had...'], ['10/26/2013', '10/23/2013']]",Restaurant name: Babis' Ouzeri. City: Berlin. Cuisine and dietary tags: Greek. TripAdvisor rating: 4.5 out of 5. Number of reviews: 6. Review snippets: Yes - Excellent Lamb Shank; The best and softest Lamb shank I ever had....,52.509813,13.337865
85,d10791492,/Restaurant_Review-g187323-d10791492-Reviews-Umami-Berlin.html,Umami,Berlin,"['Asian', 'Vietnamese', 'Vegetarian Friendly', 'Vegan Options', 'Gluten Free Options']",86.0,4.5,$,159,"[['Delicious food and cozy atmosphere', 'Delicious food, good value'], ['12/29/2017', '12/18/2017']]","Restaurant name: Umami. City: Berlin. Cuisine and dietary tags: Asian, Vietnamese, Vegetarian Friendly, Vegan Options, Gluten Free Options. Price range: $. TripAdvisor rating: 4.5 out of 5. Number of reviews: 159. Review snippets: Delicious food and cozy atmosphere; Delicious food, good value.",52.517940,13.374268
2376,d12392958,/Restaurant_Review-g187323-d12392958-Reviews-Gelbgold-Berlin.html,Gelbgold,Berlin,['Italian'],2378.0,5.0,$,3,"[[], []]",Restaurant name: Gelbgold. City: Berlin. Cuisine and dietary tags: Italian. Price range: $. TripAdvisor rating: 5.0 out of 5. Number of reviews: 3.,52.556251,13.341158
5852,d983511,/Restaurant_Review-g187323-d983511-Reviews-Call_a_Pizza-Berlin.html,Call a Pizza,Berlin,"['Italian', 'Pizza']",5854.0,3.5,,4,"[['Awesome pizza!!'], ['05/28/2014']]","Restaurant name: Call a Pizza. City: Berlin. Cuisine and dietary tags: Italian, Pizza. TripAdvisor rating: 3.5 out of 5. Number of reviews: 4. Review snippets: Awesome pizza!!.",52.486968,13.391460
2532,d1752279,/Restaurant_Review-g187323-d1752279-Reviews-Scent-Berlin.html,Scent,Berlin,"['German', 'European', 'Grill']",2534.0,4.0,$$ - $$$,34,"[['Good dinner with interesting options.', 'Expect an average service if you are a non...'], ['10/05/2017', '10/11/2016']]","Restaurant name: Scent. City: Berlin. Cuisine and dietary tags: German, European, Grill. Price range: $$ - $$$. TripAdvisor rating: 4.0 out of 5. Number of reviews: 34. Review snippets: Good dinner with interesting options.; Expect an average service if you are a non....",52.524130,13.456611
6135,d8673833,/Restaurant_Review-g187323-d8673833-Reviews-Aastha-Berlin.html,Aastha,Berlin,['Indian'],6137.0,3.0,$,11,"[['Avoid if you can', 'Great curry!'], ['02/02/2017', '09/24/2016']]",Restaurant name: Aastha. City: Berlin. Cuisine and dietary tags: Indian. Price range: $. TripAdvisor rating: 3.0 out of 5. Number of reviews: 11. Review snippets: Avoid if you can; Great curry!.,52.524057,13.376831
4987,d4104821,/Restaurant_Review-g187323-d4104821-Reviews-Pho_tinh_Ha_noi-Berlin.html,pho tinh - Ha noi,Berlin,['Vietnamese'],4989.0,4.0,,,"[[], []]",Restaurant name: pho tinh - Ha noi. City: Berlin. Cuisine and dietary tags: Vietnamese. TripAdvisor rating: 4.0 out of 5.,52.529381,13.402317
1789,d2048656,/Restaurant_Review-g187323-d2048656-Reviews-Good_Morning_Vietnam_Vegan_Kreuzberg-Berlin.html,Good Morning Vietnam Vegan - Kreuzberg,Berlin,"['Asian', 'Vietnamese', 'Vegetarian Friendly', 'Vegan Options']",1791.0,4.0,$$ - $$$,81,"[['Always a pleasure!', 'Really cosy and amazing food !'], ['11/27/2017', '10/14/2017']]","Restaurant name: Good Morning Vietnam Vegan - Kreuzberg. City: Berlin. Cuisine and dietary tags: Asian, Vietnamese, Vegetarian Friendly, Vegan Options. Price range: $$ - $$$. TripAdvisor rating: 4.0 out of 5. Number of reviews: 81. Review snippets: Always a pleasure!; Really cosy and amazing food !.",52.513395,13.366218
5179,d5507229,/Restaurant_Review-g187323-d5507229-Reviews-Pizzeria_Elisa_Inh_Sait_Emini-Berlin.html,Pizzeria Elisa Inh. Sait Emini,Berlin,['Pizza'],5181.0,4.0,,,"[[], []]",Restaurant name: Pizzeria Elisa Inh. Sait Emini. City: Berlin. Cuisine and dietary tags: Pizza. TripAdvisor rating: 4.0 out of 5.,52.495042,13.333843
2733,d2468349,/Restaurant_Review-g187323-d2468349-Reviews-Bellman_Bar-Berlin.html,Bellman Bar,Berlin,['German'],2735.0,4.5,,12,"[['Great drinks great food', 'atmospheric bar, great drinks, super frien...'], ['07/09/2017', '04/26/2017']]","Restaurant name: Bellman Bar. City: Berlin. Cuisine and dietary tags: German. TripAdvisor rating: 4.5 out of 5. Number of reviews: 12. Review snippets: Great drinks great food; atmospheric bar, great drinks, super frien....",52.501624,13.429434
1319,d1353570,/Restaurant_Review-g187323-d1353570-Reviews-Restaurant_La_Sepia-Berlin.html,Restaurant La Sepia,Berlin,"['Seafood', 'Mediterranean', 'European', 'Spanish', 'Portuguese', 'Vegetarian Friendly']",1321.0,4.0,$$ - $$$,209,"[['Espana cuisine done right', 'Good'], ['09/28/2017', '09/09/2017']]","Restaurant name: Restaurant La Sepia. City: Berlin. Cuisine and dietary tags: Seafood, Mediterranean, European, Spanish, Portuguese, Vegetarian Friendly. Price range: $$ - $$$. TripAdvisor rating: 4.0 out of 5. Number of reviews: 209. Review snippets: Espana cuisine done right; Good.",52.544002,13.460501
6737,d5822810,/Restaurant_Review-g187323-d5822810-Reviews-Multikulti_Treff-Berlin.html,Multikulti-Treff,Berlin,,,,,,,Restaurant name: Multikulti-Treff. City: Berlin.,52.549505,13.413830
982,d8856910,/Restaurant_Review-g187323-d8856910-Reviews-Tak_Tak_Polish_Deli-Berlin.html,Tak Tak - Polish Deli,Berlin,"['Polish', 'European', 'Eastern European', 'Central European', 'Street Food', 'Vegetarian Friendly', 'Vegan Options']",984.0,4.0,$,47,"[['Fast, filling and freaking delicious', 'Delicious food, decent value'], ['11/04/2017', '04/30/2017']]","Restaurant name: Tak Tak - Polish Deli. City: Berlin. Cuisine and dietary tags: Polish, European, Eastern European, Central European, Street Food, Vegetarian Friendly, Vegan Options. Price range: $. TripAdvisor rating: 4.0 out of 5. Number of reviews: 47. Review snippets: Fast, filling and freaking delicious; Delicious food, decent value.",52.503841,13.330648
4604,d12372433,/Restaurant_Review-g187323-d12372433-Reviews-Da_Capo-Berlin.html,Da Capo,Berlin,,4606.0,4.0,,6,"[['Great Italian meal. Good service', 'Excellent'], ['09/19/2017', '06/11/2017']]",Restaurant name: Da Capo. City: Berlin. TripAdvisor rating: 4.0 out of 5. Number of reviews: 6. Review snippets: Great Italian meal. Good service; Excellent.,52.514368,13.375814
7076,d13358302,/Restaurant_Review-g187323-d13358302-Reviews-Kandaka_Food-Berlin.html,Kandaka Food,Berlin,,,,,,,Restaurant name: Kandaka Food. City: Berlin.,52.520351,13.385442
6928,d12149959,/Restaurant_Review-g187323-d12149959-Reviews-Exodos_Cafe_Bar_Restaurant-Berlin.html,Exodos Cafe Bar Restaurant,Berlin,['Greek'],,,$$ - $$$,,,Restaurant name: Exodos Cafe Bar Restaurant. City: Berlin. Cuisine and dietary tags: Greek. Price range: $$ - $$$.,52.481113,13.356218
1818,d5804043,/Restaurant_Review-g187323-d5804043-Reviews-Zur_S_Bahn-Berlin.html,Zur S-Bahn,Berlin,,1820.0,4.5,,20,"[['Best public transport in Europe', 'Amazing public transport'], ['09/25/2017', '12/12/2015']]",Restaurant name: Zur S-Bahn. City: Berlin. TripAdvisor rating: 4.5 out of 5. Number of reviews: 20. Review snippets: Best public transport in Europe; Amazing public transport.,52.522625,13.444263
2989,d6764455,/Restaurant_Review-g187323-d6764455-Reviews-Gasthaus_Leonhardt-Berlin.html,Gasthaus Leonhardt,Berlin,,2991.0,4.0,,28,"[['Totally recommend it!!', 'Breakfast brunch'], ['03/21/2017', '11/18/2017']]",Restaurant name: Gasthaus Leonhardt. City: Berlin. TripAdvisor rating: 4.0 out of 5. Number of reviews: 28. Review snippets: Totally recommend it!!; Breakfast brunch.,52.551588,13.431964
1580,d11925522,/Restaurant_Review-g187323-d11925522-Reviews-Restaurant_Tagine-Berlin.html,Restaurant Tagine,Berlin,"['Lebanese', 'Moroccan', 'Mediterranean', 'Middle Eastern', 'Arabic']",1582.0,4.5,$$ - $$$,16,"[['Food with great flavor from a multi-talent...', 'Jimbo'], ['05/20/2017', '03/03/2017']]","Restaurant name: Restaurant Tagine. City: Berlin. Cuisine and dietary tags: Lebanese, Moroccan, Mediterranean, Middle Eastern, Arabic. Price range: $$ - $$$. TripAdvisor rating: 4.5 out of 5. Number of reviews: 16. Review snippets: Food with great flavor from a multi-talent...; Jimbo.",52.549163,13.457581
926,d1164257,/Restaurant_Review-g187323-d1164257-Reviews-Eiffel-Berlin.html,Eiffel,Berlin,"['European', 'Central European', 'International', 'Vegetarian Friendly', 'Gluten Free Options']",927.0,4.0,$$ - $$$,187,"[['Excellent goat cheese salad!', 'Great breakfast'], ['07/08/2017', '04/16/2017']]","Restaurant name: Eiffel. City: Berlin. Cuisine and dietary tags: European, Central European, International, Vegetarian Friendly, Gluten Free Options. Price range: $$ - $$$. TripAdvisor rating: 4.0 out of 5. Number of reviews: 187. Review snippets: Excellent goat cheese salad!; Great breakfast.",52.524661,13.378950
741,d7391025,/Restaurant_Review-g187323-d7391025-Reviews-Restaurant_Dalmacija-Berlin.html,Restaurant Dalmacija,Berlin,"['European', 'Croatian', 'Central European', 'Mediterranean', 'Vegetarian Friendly']",742.0,4.0,$$ - $$$,52,"[['Great atmosphere,great food', 'Excellent Balkan Food'], ['11/04/2017', '09/28/2017']]","Restaurant name: Restaurant Dalmacija. City: Berlin. Cuisine and dietary tags: European, Croatian, Central European, Mediterranean, Vegetarian Friendly. Price range: $$ - $$$. TripAdvisor rating: 4.0 out of 5. Number of reviews: 52. Review snippets: Great atmosphere,great food; Excellent Balkan Food.",52.526342,13.368114
5584,d10383778,/Restaurant_Review-g187323-d10383778-Reviews-Floating_Lounge-Berlin.html,Floating Lounge,Berlin,,5586.0,3.5,,5,"[['Quite place for a drink before the Basketb...'], ['12/28/2017']]",Restaurant name: Floating Lounge. City: Berlin. TripAdvisor rating: 3.5 out of 5. Number of reviews: 5. Review snippets: Quite place for a drink before the Basketb....,52.528689,13.434519
5606,d8420399,/Restaurant_Review-g187323-d8420399-Reviews-Le_Croco_Bleu-Berlin.html,Le Croco Bleu,Berlin,,5608.0,3.0,,29,"[['Environment and product 5*', 'Good coctails but bad service'], ['08/04/2016', '05/18/2016']]",Restaurant name: Le Croco Bleu. City: Berlin. TripAdvisor rating: 3.0 out of 5. Number of reviews: 29. Review snippets: Environment and product 5*; Good coctails but bad service.,52.511632,13.399443
6845,d9812369,/Restaurant_Review-g187323-d9812369-Reviews-Dams_Thaimassagen-Berlin.html,Dams Thaimassagen,Berlin,,,,,,,Restaurant name: Dams Thaimassagen. City: Berlin.,52.547224,13.412440
5673,d7121931,/Restaurant_Review-g187323-d7121931-Reviews-P145-Berlin.html,P145,Berlin,"['Indian', 'German']",5675.0,3.5,,10,"[['New years eve Dinner', 'Veg'], ['01/05/2017', '11/12/2014']]","Restaurant name: P145. City: Berlin. Cuisine and dietary tags: Indian, German. TripAdvisor rating: 3.5 out of 5. Number of reviews: 10. Review snippets: New years eve Dinner; Veg.",52.514209,13.430091
2794,d1037121,/Restaurant_Review-g187323-d1037121-Reviews-Paglia_e_Fieno-Berlin.html,Paglia e Fieno,Berlin,['Seafood'],2796.0,4.5,$$ - $$$,10,"[[], []]",Restaurant name: Paglia e Fieno. City: Berlin. Cuisine and dietary tags: Seafood. Price range: $$ - $$$. TripAdvisor rating: 4.5 out of 5. Number of reviews: 10.,52.558992,13.411696
5643,d10042565,/Restaurant_Review-g187323-d10042565-Reviews-Tomasa-Berlin.html,Tomasa,Berlin,,5645.0,3.5,,22,"[[], []]",Restaurant name: Tomasa. City: Berlin. TripAdvisor rating: 3.5 out of 5. Number of reviews: 22.,52.544805,13.461329
5287,d8801369,/Restaurant_Review-g187323-d8801369-Reviews-Hol_Cow_Indian_Street_Food-Berlin.html,Hol! Cow Indian Street Food,Berlin,"['Indian', 'Cafe', 'Asian', 'Street Food', 'Middle Eastern', 'Pakistani']",5289.0,4.0,$,4,"[['The greatest street food', 'Slow but good food'], ['06/07/2017', '05/17/2017']]","Restaurant name: Hol! Cow Indian Street Food. City: Berlin. Cuisine and dietary tags: Indian, Cafe, Asian, Street Food, Middle Eastern, Pakistani. Price range: $. TripAdvisor rating: 4.0 out of 5. Number of reviews: 4. Review snippets: The greatest street food; Slow but good food.",52.511385,13.418760
3767,d8637830,/Restaurant_Review-g187323-d8637830-Reviews-Al_Andalus-Berlin.html,Al Andalus,Berlin,"['Mediterranean', 'Spanish', 'Lebanese']",3769.0,4.0,$$ - $$$,16,"[['Very nice atmosphere and excellent food', 'Worst Spanish experience in Berlin'], ['11/21/2016', '11/17/2016']]","Restaurant name: Al Andalus. City: Berlin. Cuisine and dietary tags: Mediterranean, Spanish, Lebanese. Price range: $$ - $$$. TripAdvisor rating: 4.0 out of 5. Number of reviews: 16. Review snippets: Very nice atmosphere and excellent food; Worst Spanish experience in Berlin.",52.517229,13.347970
2730,d3537341,/Restaurant_Review-g187323-d3537341-Reviews-La_Fattoria-Berlin.html,La Fattoria,Berlin,"['Italian', 'European', 'Mediterranean']",2732.0,4.0,$$ - $$$,29,"[['Deeply unpleasant and aggressive staff', 'Surprisingly superb'], ['05/15/2017', '02/27/2017']]","Restaurant name: La Fattoria. City: Berlin. Cuisine and dietary tags: Italian, European, Mediterranean. Price range: $$ - $$$. TripAdvisor rating: 4.0 out of 5. Number of reviews: 29. Review snippets: Deeply unpleasant and aggressive staff; Surprisingly superb.",52.493658,13.347204
618,d7646942,/Restaurant_Review-g187323-d7646942-Reviews-Sabor_con_Tradicon-Berlin.html,Sabor con Tradicon,Berlin,"['Latin', 'Argentinean', 'South American', 'Mexican', 'Central American', 'Vegetarian Friendly']",619.0,4.5,$$ - $$$,70,"[['Very good!', 'Lovely place'], ['12/31/2016', '12/20/2016']]","Restaurant name: Sabor con Tradicon. City: Berlin. Cuisine and dietary tags: Latin, Argentinean, South American, Mexican, Central American, Vegetarian Friendly. Price range: $$ - $$$. TripAdvisor rating: 4.5 out of 5. Number of reviews: 70. Review snippets: Very good!; Lovely place.",52.517001,13.363664
4877,d8609768,/Restaurant_Review-g187323-d8609768-Reviews-Cafe_kuchen-Berlin.html,cafe kuchen,Berlin,"['Soups', 'Cafe', 'Vegetarian Friendly', 'Vegan Options']",4879.0,4.0,$,2,"[[], []]","Restaurant name: cafe kuchen. City: Berlin. Cuisine and dietary tags: Soups, Cafe, Vegetarian Friendly, Vegan Options. Price range: $. TripAdvisor rating: 4.0 out of 5. Number of reviews: 2.",52.490062,13.410118
2927,d11793327,/Restaurant_Review-g187323-d11793327-Reviews-El_Mansy_Mossaad-Berlin.html,El-Mansy Mossaad,Berlin,,2929.0,4.0,,9,"[['Unexpected good dinner'], ['04/02/2017']]",Restaurant name: El-Mansy Mossaad. City: Berlin. TripAdvisor rating: 4.0 out of 5. Number of reviews: 9. Review snippets: Unexpected good dinner.,52.501455,13.423750
2607,d1205787,/Restaurant_Review-g187323-d1205787-Reviews-Ciao_Italia-Berlin.html,Ciao Italia,Berlin,"['Italian', 'Mediterranean', 'European', 'Pizza', 'Vegetarian Friendly']",2609.0,4.0,$,63,"[['Enjoyable meal', '""Tasty pizzas""'], ['10/22/2017', '02/26/2017']]","Restaurant name: Ciao Italia. City: Berlin. Cuisine and dietary tags: Italian, Mediterranean, European, Pizza, Vegetarian Friendly. Price range: $. TripAdvisor rating: 4.0 out of 5. Number of reviews: 63. Review snippets: Enjoyable meal; ""Tasty pizzas"".",52.512199,13.391176
5865,d1037240,/Restaurant_Review-g187323-d1037240-Reviews-Restaurant_Conzuela-Berlin.html,Restaurant Conzuela,Berlin,"['Spanish', 'Vegetarian Friendly']",5867.0,3.0,$$ - $$$,70,"[['Great tapas, great place.', 'Excellent'], ['08/26/2016', '08/13/2016']]","Restaurant name: Restaurant Conzuela. City: Berlin. Cuisine and dietary tags: Spanish, Vegetarian Friendly. Price range: $$ - $$$. TripAdvisor rating: 3.0 out of 5. Number of reviews: 70. Review snippets: Great tapas, great place.; Excellent.",52.503749,13.460962
1044,d1340182,/Restaurant_Review-g187323-d1340182-Reviews-Karun_Bistro_1-Berlin.html,Karun Bistro 1,Berlin,"['Middle Eastern', 'Persian', 'Vegetarian Friendly', 'Vegan Options', 'Halal']",1046.0,4.5,$,73,"[['Great Iranian food', 'Delicious lunch'], ['12/23/2017', '10/23/2017']]","Restaurant name: Karun Bistro 1. City: Berlin. Cuisine and dietary tags: Middle Eastern, Persian, Vegetarian Friendly, Vegan Options, Halal. Price range: $. TripAdvisor rating: 4.5 out of 5. Number of reviews: 73. Review snippets: Great Iranian food; Delicious lunch.",52.525053,13.452570
2549,d10003044,/Restaurant_Review-g187323-d10003044-Reviews-Cafe_Einstern-Berlin.html,Cafe Einstern,Berlin,,2551.0,5.0,,7,"[['glad that we stumbled upon this neighbourh...', 'Great food'], ['02/12/2017', '05/14/2016']]",Restaurant name: Cafe Einstern. City: Berlin. TripAdvisor rating: 5.0 out of 5. Number of reviews: 7. Review snippets: glad that we stumbled upon this neighbourh...; Great food.,52.502699,13.431921
3824,d10289769,/Restaurant_Review-g187323-d10289769-Reviews-Eisbox-Berlin.html,Eisbox,Berlin,"['Cafe', 'Contemporary']",3826.0,4.5,$,7,"[['Very good ice creams, clean and white inte...', 'Ice cream in Berlin, Knesebeckstrasse - i...'], ['06/04/2017', '03/27/2017']]","Restaurant name: Eisbox. City: Berlin. Cuisine and dietary tags: Cafe, Contemporary. Price range: $. TripAdvisor rating: 4.5 out of 5. Number of reviews: 7. Review snippets: Very good ice creams, clean and white inte...; Ice cream in Berlin, Knesebeckstrasse - i....",52.556330,13.457884
2589,d3190988,/Restaurant_Review-g187323-d3190988-Reviews-Rocco-Berlin.html,Rocco,Berlin,"['Italian', 'European', 'Pizza', 'Mediterranean', 'Vegetarian Friendly']",2591.0,3.5,$$ - $$$,53,"[['Good atmosphere, good food', 'Bad'], ['03/29/2017', '09/30/2016']]","Restaurant name: Rocco. City: Berlin. Cuisine and dietary tags: Italian, European, Pizza, Mediterranean, Vegetarian Friendly. Price range: $$ - $$$. TripAdvisor rating: 3.5 out of 5. Number of reviews: 53. Review snippets: Good atmosphere, good food; Bad.",52.519055,13.428747
6256,d1341596,/Restaurant_Review-g187323-d1341596-Reviews-McDonalds_Ham_Restaurant_Steglitz_Harald_Meyer-Berlin.html,McDonalds Ham-Restaurant Steglitz Harald Meyer,Berlin,,6258.0,2.0,,9,"[['Functional', 'Stay Away'], ['03/03/2017', '10/01/2009']]",Restaurant name: McDonalds Ham-Restaurant Steglitz Harald Meyer. City: Berlin. TripAdvisor rating: 2.0 out of 5. Number of reviews: 9. Review snippets: Functional; Stay Away.,52.495636,13.363416
2616,d8596684,/Restaurant_Review-g187323-d8596684-Reviews-Buffalo-Berlin.html,Buffalo,Berlin,"['Steakhouse', 'Bar', 'European', 'Central European', 'American']",2618.0,3.5,$,104,"[['Lovely restaurant', 'Decent.'], ['08/22/2017', '01/13/2017']]","Restaurant name: Buffalo. City: Berlin. Cuisine and dietary tags: Steakhouse, Bar, European, Central European, American. Price range: $. TripAdvisor rating: 3.5 out of 5. Number of reviews: 104. Review snippets: Lovely restaurant; Decent..",52.533645,13.417460
2588,d8752934,/Restaurant_Review-g187323-d8752934-Reviews-Restaurant_Meishiwu_Deli_House-Berlin.html,Restaurant Meishiwu Deli House,Berlin,"['Chinese', 'Asian']",2590.0,4.0,$$ - $$$,16,"[['A quiet place', 'The best Chinese restaurant in Berlin'], ['08/03/2017', '04/29/2017']]","Restaurant name: Restaurant Meishiwu Deli House. City: Berlin. Cuisine and dietary tags: Chinese, Asian. Price range: $$ - $$$. TripAdvisor rating: 4.0 out of 5. Number of reviews: 16. Review snippets: A quiet place; The best Chinese restaurant in Berlin.",52.487987,13.409614
3762,d7132785,/Restaurant_Review-g187323-d7132785-Reviews-Mythos-Berlin.html,Mythos,Berlin,['Greek'],3764.0,4.0,$$ - $$$,21,"[['Greek??', 'Good food, but with the wrong bill'], ['09/07/2017', '08/16/2017']]","Restaurant name: Mythos. City: Berlin. Cuisine and dietary tags: Greek. Price range: $$ - $$$. TripAdvisor rating: 4.0 out of 5. Number of reviews: 21. Review snippets: Greek??; Good food, but with the wrong bill.",52.521887,13.408818
6393,d718236,/Restaurant_Review-g187323-d718236-Reviews-Non_Tox-Berlin.html,Non-Tox,Berlin,,,,,,,Restaurant name: Non-Tox. City: Berlin.,52.492467,13.334762
1806,d12523554,/Restaurant_Review-g187323-d12523554-Reviews-L2_Restaurant-Berlin.html,L2 Restaurant,Berlin,"['Japanese', 'Asian', 'Grill', 'Fusion', 'Street Food']",1808.0,5.0,$$ - $$$,7,"[['A very nice surprise', 'Great place to eat'], ['08/21/2017', '08/14/2017']]","Restaurant name: L2 Restaurant. City: Berlin. Cuisine and dietary tags: Japanese, Asian, Grill, Fusion, Street Food. Price range: $$ - $$$. TripAdvisor rating: 5.0 out of 5. Number of reviews: 7. Review snippets: A very nice surprise; Great place to eat.",52.504152,13.418765
5728,d5823255,/Restaurant_Review-g187323-d5823255-Reviews-Restaurant_Panorama-Berlin.html,Restaurant Panorama,Berlin,,5730.0,3.0,,5,"[['Fun and good service, but plain food'], ['04/04/2015']]","Restaurant name: Restaurant Panorama. City: Berlin. TripAdvisor rating: 3.0 out of 5. Number of reviews: 5. Review snippets: Fun and good service, but plain food.",52.538658,13.360035
442,d795717,/Restaurant_Review-g187323-d795717-Reviews-Amrit_Restaurant-Berlin.html,Amrit Restaurant,Berlin,"['Asian', 'Indian', 'Vegetarian Friendly', 'Vegan Options', 'Gluten Free Options']",443.0,4.0,$$ - $$$,389,"[['Paul', 'Great food in beautiful surroundings'], ['12/27/2017', '11/26/2017']]","Restaurant name: Amrit Restaurant. City: Berlin. Cuisine and dietary tags: Asian, Indian, Vegetarian Friendly, Vegan Options, Gluten Free Options. Price range: $$ - $$$. TripAdvisor rating: 4.0 out of 5. Number of reviews: 389. Review snippets: Paul; Great food in beautiful surroundings.",52.484491,13.407228
5714,d6784064,/Restaurant_Review-g187323-d6784064-Reviews-Chipperfield_Kantine-Berlin.html,Chipperfield Kantine,Berlin,['International'],5716.0,3.0,$,11,"[['This place is a joke', 'Perfect Bruch/Lunch place in Mitte'], ['03/10/2017', '11/19/2016']]",Restaurant name: Chipperfield Kantine. City: Berlin. Cuisine and dietary tags: International. Price range: $. TripAdvisor rating: 3.0 out of 5. Number of reviews: 11. Review snippets: This place is a joke; Perfect Bruch/Lunch place in Mitte.,52.515261,13.444152
6749,d5824601,/Restaurant_Review-g187323-d5824601-Reviews-El_Sol_Restaurant_Cafe_Cocktailbar-Berlin.html,El Sol Restaurant Cafe Cocktailbar,Berlin,,,,,,,Restaurant name: El Sol Restaurant Cafe Cocktailbar. City: Berlin.,52.525599,13.405156
4294,d1347742,/Restaurant_Review-g187323-d1347742-Reviews-Rdo_Restaurant_Deutsche_Oper_Berlin-Berlin.html,rdo Restaurant Deutsche Oper Berlin,Berlin,"['German', 'Central European', 'European', 'Vegetarian Friendly']",4296.0,4.0,$$ - $$$,41,"[['Really good', 'Very good, but a little expensive'], ['12/28/2016', '12/19/2016']]","Restaurant name: rdo Restaurant Deutsche Oper Berlin. City: Berlin. Cuisine and dietary tags: German, Central European, European, Vegetarian Friendly. Price range: $$ - $$$. TripAdvisor rating: 4.0 out of 5. Number of reviews: 41. Review snippets: Really good; Very good, but a little expensive.",52.495471,13.331422
6603,d5520649,/Restaurant_Review-g187323-d5520649-Reviews-Call_A_Pizza-Berlin.html,Call A Pizza,Berlin,,,,,,,Restaurant name: Call A Pizza. City: Berlin.,52.512559,13.391767
1828,d8833708,/Restaurant_Review-g187323-d8833708-Reviews-Milchkaffee-Berlin.html,Milchkaffee,Berlin,,1830.0,4.5,,15,"[['Warm and Cosy Coffee Shop.'], ['12/19/2015']]",Restaurant name: Milchkaffee. City: Berlin. TripAdvisor rating: 4.5 out of 5. Number of reviews: 15. Review snippets: Warm and Cosy Coffee Shop..,52.518467,13.416385
6941,d12285210,/Restaurant_Review-g187323-d12285210-Reviews-Hoa_sen_Restauranr-Berlin.html,Hoa sen Restauranr,Berlin,['Vietnamese'],,,,,,Restaurant name: Hoa sen Restauranr. City: Berlin. Cuisine and dietary tags: Vietnamese.,52.499714,13.432437
6521,d3863579,/Restaurant_Review-g187323-d3863579-Reviews-El_Faredo_Steak_House-Berlin.html,El Faredo Steak House,Berlin,['Steakhouse'],,,,,,Restaurant name: El Faredo Steak House. City: Berlin. Cuisine and dietary tags: Steakhouse.,52.495391,13.394257
