source_id,price_level
10003583651993080880,1
10004608666468214907,2
10013996276798556964,2
10015572513968130224,1
10027384592122843799,2
10031287182173446612,1
10031451402263435216,2
10035064399893645692,2
10040561722196699172,2
10041173435943460379,2
10041275879185901332,1
1005150174791382407,1
10055954475851320158,2
1006859454917429233,1
10070300131625472767,1
10087067044542218628,1
10088182885821367608,1
10099759495053964094,1
10120022267352101755,1
10120840805938324149,1
1012261819531840246,1
10128475563573460143,2
10131291608176657319,1
10138642521192878336,1
10138785551962982254,1
10138954398742053224,2
10140448134795718214,1
10140729140834696318,1
1014797344167142200,1
10161361082509645308,1
10161991376116800545,1
10165489032225788020,2
10167896717264857915,1
10168800723030959634,2
1018323039795759661,1
10183458881659669852,1
10184971697870142464,1
10191609979113332152,1
10192118233811573317,1
10195086094041713736,1
10197863049933132260,1
10206441513039382770,2
10209270728920918479,2
10210607429007501225,1
10227440425790190850,2
10228097275678917676,2
10234767803398996406,2
10253227355796702467,1
10267351398430717017,2
10271396427131226500,1
10280180651373432062,2
10282217311809174655,2
10286118392798541940,1
10286169521518261014,1
10286644270155756399,1
10286845084124848192,2
10288744803551195978,2
10289469108301885112,2
10304400730420711727,1
10306142542032312368,1
10307236667605385237,1
10310741108020122940,2
10320264691692117230,1
10321779764526864817,1
10323268059243325962,1
10323274074912602871,2
10324752630668398036,1
10329937270178798076,2
10330776774202205581,1
10338290073944932578,2
10354330098494096109,2
10356676362427792229,2
10361325185914052086,1
10363462523398887485,3
10366085341954844986,2
10370209792781481058,1
103779950835981864,1
10378134636329997525,1
10380147734571719302,1
10382060263770603717,2
10391586750145009812,1
10398293682046258677,3
1040146052229988894,1
1040182954896204800,1
1040357166306732142,1
10407935950083038939,1
10423394179537877468,1
10433194816312481647,1
10435569294922879318,2
10436619272732996854,1
10439698903971334426,1
1044417735065062573,2
10446163237196328187,2
10449122774599438889,1
10451899875016928930,1
10470623404747703821,1
10475887542494303399,2
10476798439997480191,1
10493438115816882506,1
10497715953372204504,1
10504615937996374680,2
10511929160260628768,2
10524872645203351694,1
10525702840286023651,2
10527639481143292621,1
10529081109712659278,2
10529234806565848593,1
10529437275391408937,1
10530839730094111000,1
10533856361619860641,2
10540483895057393339,1
10541592474893846663,2
10544780013390906576,2
10545218171466877520,2
10547644029542551396,2
10562520505978267074,1
10569759758035572043,1
1057623218828364231,2
10577737547831874672,1
10589095697172006370,2
10594699552716942961,2
1059589862132142587,1
10606598288356306131,1
10612172774970268746,2
10614794787613351803,2
10621984046480163114,2
10622567852621606315,1
10625354576274677326,1
10629130796129624427,1
10635376936420681323,2
1064514624707651879,2
10652391522643912668,1
10682468724171428149,1
10693432594019300267,1
10703312050288667633,1
10703856336283623199,1
10705437380229489187,1
10706040779659654805,2
10710689893549355291,3
10712347566890339967,1
10713451513445334197,1
1072935113145584888,1
10730806643478758596,1
10732980777820931462,2
10735836507898653578,2
10735899809831466079,2
10742541956252466020,1
10744406252997080505,1
10745054615432757856,1
10745540470720848219,1
10748320999917981911,1
10753584975584940965,2
10754866019775431331,1
10756847931868196390,1
10759507000466549840,2
10767146991640333288,3
10767675796967934352,1
10777427611305821568,2
10779561001884403903,2
1078310148573529770,1
10788031080248532079,1
10799084208631482900,2
10801331472822099412,2
1080467440173498069,2
10805433720135544860,1
10809216079775188110,2
10832865580572934415,2
10833587308604343655,2
10836235702814726052,1
10846406721276802744,1
10872737234745763130,1
10873456291019467921,2
10876034001944062068,1
10876737990108554527,2
10884195894516556368,3
1089081205062269331,2
1089740380522805724,2
10904989870184519692,2
10907910138674251816,1
10909420039635308073,2
10913387477241367196,1
1091446959245810464,1
10921158194878254209,2
10923262392827552517,1
10925678567103231587,1
10930921538109337094,2
10939031921731070032,1
10940056023235448313,1
1094515104680179274,1
1095187125168410412,1
10970598826145175489,1
10980939302432449270,1
1098269206098090912,1
11001516025578524907,1
11004376564897401529,1
11013000467632214385,2
11016778401758920625,2
11020399336266329504,2
11028426950309922633,3
11043845349959327138,1
11046253554490905905,2
11051728239853514277,2
11052853960093837826,1
11058582159341051781,2
11059466543887842506,2
11066697838103129638,2
11067230954151666486,1
11075436968196664533,2
11093495703238183375,1
1110168259177107935,1
11113519602506404234,1
11113724593609845233,2
11113860962888711375,1
1111832464690896861,1
11118583324085697502,1
11119672367078567954,1
11122456790292324477,2
11122847082928134385,1
11126336544318959827,2
1112695810842089886,1
11130174945200452636,1
11130619171747340452,1
11131942122490886096,1
11132661893650321101,1
11137598557234417783,1
11138039557233725844,1
11142695169772483375,2
11148819456435415142,1
11162370320580970770,2
11163101954552252325,1
11164547639585972447,2
11166737983039344465,1
11167674108639150929,2
1117092042417759920,2
11177445251421738449,2
11183847647906359295,1
1118455842829725825,1
11195944255102660358,2
11199958778887483186,1
1120177312381433609,2
11204539985365189237,2
11204672891457291784,1
11208033771439513329,2
11223333197588342837,1
11224724167240296099,1
11227675585568212424,1
11239247921070219028,2
11244980847994683963,1
11252758138658957967,1
11262976105412398288,1
11267880389175432862,1
11269921424525010275,2
11270178747652176679,1
11305511001678645113,1
11305861394973016762,1
11307486444589792037,2
11328021877074808895,2
11339867141530465671,3
11340637271977230557,1
11347935914495054901,2
11353080093087044764,1
11360153142264021547,1
11360243725408276849,1
11363994689756098233,2
11364207580021500351,1
11369466641546747585,1
11370663690256243021,2
11377605161525290454,2
11383918230612769882,1
11389461051288678705,1
11400834476786167627,2
1140508473178671712,2
11405726715725220023,1
11414960073306536470,1
11421084279265947674,2
1142188508606495136,2
11426056164415079446,2
11438330871490881542,1
11440800794495126777,1
11449122189962212275,1
11453656707666003054,1
11471572788807518002,2
11473270408856161361,1
1147343590402103078,2
11478541901664039212,2
11488389590603299361,1
11490096868362076717,2
11490144261323536624,1
11493492686052227754,3
11498471189991110788,2
11500629915346402271,1
11502262078597462817,1
11530546047026144833,1
11539437560484569917,1
11540755065501769744,1
11544129568653093029,1
11548381635564689803,1
115598170393460730,1
11579905286004910755,3
11594038579903409659,1
11596932055314563399,1
11606762769365676797,1
11607001250704134875,1
11609158590271921227,2
11616275715790974781,2
11616821604651780250,1
11670591507730148804,2
11670596705394612590,2
11671909436274033764,2
11674195437943262773,1
11677057418992695834,1
1168279233203361535,1
1169056143123904330,2
11694087027194934992,3
11699975223610886491,1
11700042711050517777,1
11711679779855703934,1
11711814361730572265,2
11711862192228983442,2
11722811127678862567,2
11724197045647617215,1
11733545960185507269,1
11742422247335852611,2
11743274715987942074,2
1174672302297946388,2
1174837284212516770,1
11755836127651522992,1
11762868892263465143,1
11772195401922440760,1
11778768340530391510,1
11782894697805572154,2
11783171105686513571,1
11805895728851779857,2
11807579376329082422,1
11810511592737944574,1
11814626805389743824,1
11819329656411980090,1
11826396789554225402,1
11833620993934918758,2
11837104971398009672,2
11857965377930123267,2
11864037633488924081,1
11868719257014557502,2
11872783108950699993,1
1187687971815400427,1
11882210436831958109,1
11887184804265407350,2
11895775268359259162,1
11905809625023355567,3
11910202216351291245,2
11915064832427759591,1
11918118360168471567,1
11927095761927292918,2
11933307641077143383,2
11938623854530557519,1
11941295635636097276,2
11943642394620546864,2
11944142279147462968,1
11945958389310263186,1
11952205092923217595,1
11966194263147625491,1
11977241733887266241,2
1198099455888825584,2
11986881259804865194,1
11989314549263851518,1
11991241261231358144,3
1199220371109019882,1
11997228489113762424,2
11998338288439345820,1
12010215774069734331,1
12016043847859193806,1
12016531160418703735,1
12023099214993439904,1
12023597608338304357,1
1203714265060081536,1
12053997937651088206,2
12062325737547727256,1
12072508060172373897,2
1207351558714009471,1
12080911587150448346,1
12086859833696793366,1
12088224891337973884,2
12090074958126359024,1
12090402024121442769,2
12099306232860959850,1
12108384534987523426,2
1211138154938074186,1
12113014614375040833,2
12113523804601485577,1
12121237032889715361,1
12121944110974668563,1
12123615693197449298,1
12127652448970442125,1
12130534796147760043,1
12133031732161742365,1
12135513905721915141,1
12146972582504206507,1
1216625288892857650,1
12170522049383134073,2
12172342413253268032,3
1217290986084881161,1
12188551391554091629,1
12193333454775592714,2
12195857045634198557,2
12201746011470326876,1
12206179875409686717,1
12213393456083551106,2
12226296895012381684,1
12230582647987486780,2
12253928007929872508,2
12257375760073410470,2
12257389148497354053,2
12275917185134643740,3
12295268724985339262,1
12300264970206319573,1
12300963969046637185,1
12301367054288566052,1
12302015260691065451,2
12303790319306394377,1
12304427506951825441,2
12306818409408896708,2
12308506824109409844,1
12317164537981374193,1
12321686477773783517,2
12326291453646334718,3
12327419854490405478,1
12338999414437093267,1
12340260063029417644,1
12345260181620214198,2
12350296528293458160,1
12358728685478253043,2
12362765617596436620,2
12377659702733548363,1
12384552878533014710,1
123867148602173913,1
12391652098978505895,1
12396186205263656837,3
12405324798377705960,1
1240674917342884997,2
12413508981228153503,1
12416081963620175835,2
12418431975173219143,1
12424185848426877298,2
12426455263709163853,2
1242900320175882909,1
12441854585373301489,2
12449392150352747695,2
12452381340340486233,2
12456159436719265917,2
12466260810350464742,1
1247942235482153754,1
12486056109799830258,1
12491610463607191994,2
12491714077958688581,2
12503387122064304351,2
12509244662560440147,2
12509279796482257618,1
12519726944348387471,2
12527819304422326595,1
12528713897510482915,1
12536696835966505374,1
12540686600962237193,1
12542398586367031096,1
12558841157707138022,2
12560393274193915834,1
12561345124100533736,2
12568140193922172513,2
12572375708752129241,1
12576517508432579924,2
12587361011382717725,2
12597484095099080494,2
12598581725334580415,1
1261570937061843570,1
12616275915739919316,2
12618893575525545443,1
1262369053394577369,1
12625021872063396512,1
12628510525259691921,1
12629265231928681655,1
12649952190816602577,1
12656706869090260969,1
12662081377189875188,1
12673204576305132096,1
12687184848033040317,2
12687690909358791837,1
12688254749107582403,2
1268869122514420723,2
12692978242711869467,1
12694897214209411296,2
12699934122655675480,2
12707509600909884447,2
12730751450803686713,1
12739509803525752203,1
12755053323061028468,1
12758970974897339224,1
12759777210086714696,1
12765547560070692311,1
12767857680390858902,2
12770130838336726558,1
12775118977553143822,1
12806817142487543671,1
1280811332120290905,3
12816896407094271183,2
12818589707907118062,2
12821395676976185511,3
12822074853466266284,1
12837922087816933349,2
12851663500521727368,1
12855812159070663537,2
12859047395564308631,2
12859936895018432586,2
12867066187839202610,2
12868116383335744455,1
12868402777832151611,1
12874464810724289949,2
12875263562268279451,1
12879393479844343033,1
12879615846556868637,2
12884380549369006544,2
12889358806576589210,1
12889931153427172753,1
12903558047659139067,2
12909874009193568489,1
12917776976979109724,2
12921388114098773344,2
12924643595210465921,1
12931890572123138419,2
12934371026079790319,2
12938944607576447209,1
12944749832266340189,1
12949948455425866367,1
12955030991061062643,1
12962402145470478359,2
12978228513504451564,2
12985546636274412997,1
12989510092793842888,1
12993630980681680200,2
13000019415905486367,2
13002259441077620133,2
13012879330168336690,1
13014211372319396195,2
13018950547613766649,1
13020659154347740669,1
13038791081836334576,1
13040227376498126963,1
13053565369444587665,1
13067415315917605,2
13070023494661493246,1
13073528895836307148,2
13078932899826483921,1
13080048493992252483,1
13089868426865504886,1
1309450084766382278,1
13114490891693822666,2
13122658717869991895,1
13139160711705259480,2
13147302445589113610,1
1315843937739932160,1
13164822713771793884,1
13171991215234518497,1
13174230003776134724,1
13174581519429570768,1
13174979687935501109,2
13177702805908631803,2
13190328926164817090,2
13211595308495654776,1
1321671271529763791,1
13218610765997809610,1
13218673142300512135,2
13226048156038114357,1
13228538452739927599,1
1322893994657242744,1
13231255252040607672,1
13232048882639300192,2
13236357535702939377,2
1324792086504931449,2
13249071787662044711,1
13251686779082366470,1
1325835766154727895,1
13262255886035281183,1
13265190181947551273,1
13266395577236596790,1
13270332778847801582,1
13281726811347483349,1
13288997470506482203,2
13309835456585345607,1
13319797728059847297,2
13324465453927763813,1
13325834391531833473,2
13329667644122887756,1
13330734463628424925,1
13339758576663785958,1
13340119415612328268,2
13341860318153268906,1
1334542522757381083,1
13354564055014320840,2
13355284046344049006,1
13368924670083442037,2
13372684578942384045,1
13380216037113464065,1
13381924144918281183,1
13399342889355580488,3
13399430320358557304,2
13407338805948448108,2
13410356476243144139,2
13416393462819703712,1
13431072362634161,1
13432040843912949974,1
13442658016633098527,1
13449939227055013614,2
13453351462075352543,2
13456244742177654621,1
13463113257646943864,2
13474840507835826665,2
13476528649942688034,2
13480040754715867829,1
13491346932837864012,1
13502659471977382328,1
13513761224872107129,1
13515955532253792010,1
13516194509876532867,1
13517422003710435373,1
13526106887407340085,1
13533958485888528970,3
13536759242076281421,1
1354325943942369214,1
13549564980585224328,1
13558167669957670749,2
13558924690007146111,2
13560442535843347207,2
1357333094316834614,1
13581433461496199119,2
13582756140018112309,1
13588895939061272436,2
13591998960246203206,1
13609751331208292463,1
13610906536180741061,1
13614379323129630337,1
13616844921011853324,2
13617759465032205611,1
13619152722533018731,2
13623037485025268020,3
13638695292113327841,1
13643143587345310985,2
13662084691634086981,2
13662317918377290032,1
13663798885298009288,1
13669976044924031011,2
13674019176068444493,2
13680749371081958227,1
13682310531779602071,2
13691732228091766132,1
13693455610973766554,1
13693532264925024798,2
13702372308639316228,1
13705573156825810375,1
1370626271265399910,1
13706592308527876862,1
13712338659667288956,1
13716270649385625802,1
13724768015477193096,2
13726493353374260429,1
13727810661074206222,2
13738210021568769310,2
13738286340326074449,1
1373896981932407496,1
13749157158642049209,1
13752049914735554787,1
13755021502991955139,2
13760606341960319661,1
13762433791952240772,1
13767914964560180054,1
13769912636653316561,1
13772006380757301726,2
13773177063364921766,1
13789434520544455826,1
1379121172748203353,1
13792281919588781415,1
13802812477050065104,2
13806185909254861455,2
13810663006938401625,2
13812273155995637036,2
13822515938444347579,1
13830492135517160875,1
13830502707959228145,2
13833113928360039397,1
13844140794474468081,1
13853662771903846269,2
13878061551913095528,1
13884206855490566031,2
13887779763383355877,1
13893793145859486871,1
13900671269565009652,2
13902252457698200326,1
13903460393951780103,1
13906214434750877481,1
1390769669250269784,2
139134303557214373,1
13919657975914205634,1
13920187219868261634,1
1392083318453486239,2
13933859484479788442,1
13937168718981788839,1
1394243567481993623,1
13945843631580586092,1
13950292093866649602,2
13954454746490652119,1
13954677702516335400,1
13967332645201696647,1
13975733119107374580,2
13981528909350974096,2
139823415330938030,1
13982667879841107744,1
13985788590989627525,1
14008005911526698430,1
14017359284053355414,2
14018219728270213257,2
14018684204296952356,1
14018746798705383142,1
14023893845280159977,2
14026600334043981626,1
14046387719142005202,1
14049730412871999349,1
14056554276860477134,1
14083550617193651809,2
14088645058935884391,2
14107967546201833583,1
14109068131794040059,2
14110934560291363400,1
14116045769226248694,1
14122040269011134062,1
14143914103347859533,2
14165057049206097268,1
14171618899357177741,3
14188476716431875007,2
14208300289947387842,1
14212363888905804356,2
142137003628060089,1
14220494530244473109,1
14227970234092334112,1
14232497636393223528,2
1423501059014216851,1
14236636734716337549,2
14246311895798158619,2
14246320536878414416,2
14248383375915183977,2
14256643473989096403,2
14259737807428563945,1
14264112092592697750,1
14265133996287019116,1
14269788608939081245,2
14270350633193158120,1
14272122150389248288,2
14276272501502052711,1
14283524673220220749,2
14290602034257018414,1
14293438101309209372,1
14297164260248001882,1
1430055603796649457,1
14304927279547715791,1
14317366041588888306,1
14326947284762859905,2
14333042357850152313,1
14333075388743752646,1
14339835702779677798,2
14345799162640802719,1
1435123144630523584,2
14354060986881894757,1
14356513954038959779,1
14363335829983127919,1
14364952896192421945,2
14366327467210988282,1
14373955869702044098,1
14376811161974751058,2
14382560469877955010,1
14386608601531948355,1
14389534723420207590,1
14393720663699547026,2
14399479358336317648,1
14428029956798926773,1
14438794021376431231,2
14445471021382611745,1
14452792436058884737,1
14456502155482194320,2
1447312344245819081,1
14477986780157796078,2
1449646818547415150,2
14502073562379005153,1
14513386745667242693,1
14531391353767053151,1
14537996542718476807,1
14547606460133466068,2
14548377462480922761,1
14553543387364918962,2
14556618957682012573,1
14564344987169516197,2
14567909368490685948,2
14571685170963293668,2
14571739877759485334,1
14575379978619579940,1
14575543282847382069,1
1457580729992227520,2
14576564485288982150,1
14579450151758233849,1
14581284503687413347,1
14584435503410434822,1
1459020849032991187,3
14590298459533818658,1
14593284683301693268,2
14597529870268426241,1
14600307593621567896,1
14602440000032130274,1
1460440972097540354,1
14607965664089928754,2
1461544984076476338,1
14617355528448176048,1
14627494825597462050,1
14630039037573123496,1
14636091576834155908,3
14644581429223346894,1
14650423215135647418,2
14651137472528871822,1
14664733959185148522,1
14674823331017841975,1
14677323511723246939,1
14683898886221185919,2
14686360824137777437,1
14709819748062591757,1
14716704764002563473,3
14720205535851760595,1
14733193156787635601,1
14735835047951871996,1
14750751055202726551,1
14754846502746343110,1
14755778628844621267,1
147614813026460857,1
14768662756904325578,1
14773115681600660942,2
14773216354049658379,1
14782186704208550236,2
14787791029963097141,1
1479494447650350378,1
14803764456397557850,2
14805151117052878512,2
14813718883547585514,2
148202854107690403,1
14834787111628250004,1
14835180282867330815,1
1483568700395053691,2
1483617588451184229,2
14840413876454775497,1
14842744500656200449,1
14847179910502179111,2
14847466798633060432,2
14854440578921296019,2
14854567813177133954,1
14858355283640083512,2
14872084648075091728,2
1487922681240881931,1
14887161143333015398,1
14887231953406839162,2
14887469651182268708,2
14901149892209231739,1
14902054581215852450,2
14910422880459013830,2
14913098591839099318,2
14916020147454310253,1
14918819394479547830,2
14918887134973738209,2
14919631561611088536,1
14921089643127441750,1
14932750926067641589,1
14935483575320086752,1
14939978488004199831,1
14944177624811443586,2
14951181827530489256,1
14953419722027588093,1
14955071698234470377,1
14955312373831415155,1
14959182204296628275,1
14960716006064777716,1
14960793190170674471,1
14969971322223645210,1
14971163481869477676,2
14975680259938140235,3
14976839171443640739,1
14986374800306345812,2
15000795757456830914,1
1500116871720987668,2
15007226784844969539,2
15008154036568932516,1
15025347966965421730,1
15025477156217734287,1
15041444465674780568,2
1505705876669358194,1
15060169804582683483,1
15061329070781634372,2
15066390078509473597,1
15067152291017425734,2
15073006238629490399,1
150732813897282181,2
15076950575866119942,2
15085802630327486474,1
15099828635498608551,2
15100871357682039411,1
15152717779422463809,1
15153620048850250188,2
15156626612866322386,1
1515792675703949914,1
15159620031778617474,1
15165870696305869477,1
15173531148153127236,1
15182381054830540611,1
15183940902600143976,2
15190204864786374307,2
15201311301280908079,2
15203478280634069590,1
15213433695883236189,1
15217612261041362280,2
15218407335872814505,2
1521940118760798847,1
15220589275992412473,2
15221837235337947990,1
15222923493644562196,2
15223179302833383851,1
15224369698812460266,1
15232634319550257811,1
15236823285802321094,2
15241794374375710733,1
152625325908812591,3
15272474797006092406,2
15280318966022497803,2
15280998427902166822,2
15281357996555922773,1
15293413214490598624,1
15297530127436505196,2
15299297473364073256,2
15299362764591736192,1
1530565689299682204,1
15317893634267745558,1
15328413481086816789,1
15329349119244773506,1
15329774723230507013,1
15341431176191827982,1
15350162146171561439,3
1535068936984001314,2
15361242965822483242,1
15380218147139658080,2
15399941761561820594,2
15415979530524170986,2
15416697432089714595,2
15426150253648722893,1
15436490228362863693,1
15437540473935481056,1
15437713197685023390,2
15439727830362881762,2
15461444990522914438,1
15461494172497234483,1
15461750073156947750,1
15476535291586615877,2
15497124474482965819,2
15498357394030556919,2
15503973406209621655,1
15504195432603052823,1
1550856528977941768,1
15509279053592293943,2
15511735107023128208,2
15515500217952742265,2
15516163003066045782,1
1551955179001830731,2
15531284725751932690,1
15534594996466163815,2
15534704775344393560,2
15550681356071903590,1
15551555259836316339,1
15556258239308627759,1
1556209710024112066,1
15563065285449067523,3
15583889839789655477,2
15584243535552388003,1
15595783110333958072,1
15601536579328611115,2
15605560806887474000,2
15608449154723390467,2
15616154254501430648,1
15625883944953511583,1
15626773903334913744,2
15630271095522424996,1
15645364159124260731,1
15651345423974460664,1
15655827869377279029,2
15656308596204940705,1
15666109487026046167,2
1567399962412166909,3
1567952932509645104,1
15684854089522988578,2
15688063335646578547,1
15700140607649632797,2
15712538828330856399,1
15729650793266327563,3
15731176987282508116,2
15733800767780470591,1
15735190555019574812,1
15741993386578879941,2
15742478471673145420,1
15742725870962255282,2
15748071536227009464,2
15752589068416139822,2
15758137683332630729,1
15767804214236893657,1
15768099136739999680,2
1577881121378545764,2
15794264755895184873,1
15798995474703729276,1
15802157180719393103,2
15807493582399648740,1
1581568914454077084,2
15816117565618116466,2
15824366264281367742,2
15825311590287004083,1
15826579033262094191,2
15834383366082946545,1
15837107370103239158,1
15843218736838960040,2
15854872153192138930,1
15864266024213967548,2
15867655854496059600,1
15868488210362396467,1
15878727654427304360,1
1588286233324569401,1
15883206985294192943,1
15884679109164356997,1
15894591020982253763,1
15901655365031220277,2
15902618152031595178,1
15914278536286740958,2
1592365010825175212,3
15928030657077534404,2
15934440402380522859,1
15939732995064890936,1
15944774541290601403,2
15956381505229598926,1
15956447024000111712,1
15956464473309089659,1
15965075091542678478,1
15983637965097382602,1
15983839364170761210,1
15984075644361094875,2
15984467645587323741,2
15985382653901161607,1
15985737435163348676,2
15987396155367059840,1
1599228772560301315,1
15994170313802380195,1
16012542814378824325,1
16018479117660785312,2
16020533827933819477,1
16023093184667806791,2
16044852285916470899,1
1605231459114682645,1
16055794806542910930,1
16056906786628192507,2
16068579601484098659,2
16068592796011144749,3
16081166293266539757,1
16090774228547526363,1
16092053480060130393,1
16092916406972481195,1
16094035140100619097,2
16096587481023236786,1
16096959045667149104,2
16100291694476326377,1
16103370441696986249,2
16108523372590709894,1
16110998591188041662,1
16113022779066463033,2
1612019435330534807,1
16123871626741837887,1
16128490485768595433,3
1612874573741292486,1
16132670852701120824,1
16136006563077231761,1
16141243178536668105,2
16143358409406953329,2
16148510526139382953,1
16151498562561608712,1
16174998485163565421,1
1617838689467888648,1
161793624858875705,2
16183413134583616226,2
161844981362323192,1
16193629573744133087,1
1621235078217749172,2
16236016296959393940,2
16236988643141232313,1
16247603247153057166,2
16250428165402550659,2
16255350621660620446,2
16275644714591383555,1
16279661028784153501,2
16288241230491882852,1
16292966664003026875,1
16310361554897101620,1
16318281510733375346,1
16321386830501665331,3
16326518028021595862,1
16330123848362221677,1
16331621153303527649,1
16333032152821316669,2
16333786001162709520,1
16334160774044573034,1
16336563349215535954,2
16339480522800900329,2
16339836213401743348,1
16344165915981831174,1
16356385840737566698,1
16368146060379419268,2
16396612443324710553,1
16397972653529723171,2
16411747352548264565,1
16417629668396077504,1
16419355220114365359,2
16425152278656434972,1
16430393063820054974,1
16432023008129874259,2
16437234698747083435,2
16439628361116071102,2
16440526787206441612,1
16441258992277959952,2
16442191150307201922,1
16451152614140088764,1
16462251748191963099,1
1646497090772714188,2
1646516474318743885,1
16466189028321185389,1
16472622264674031653,2
16473624957476979882,2
16476537419186682528,1
16478538821909317889,1
16487870409661508922,1
16490970741939067879,2
16492197907840891859,1
16493961896859172920,1
16501298039002227517,2
16501562705815171120,2
16503420580074411882,2
16505054747909608221,1
16507621538423870088,1
16523839908758889049,1
16528463430633182308,2
16529470175302036066,1
16531235830488001534,1
16533334949973573343,1
16571580266033243974,1
16571774857089443372,2
16575263908139005465,1
16580331249366406390,2
16583701230566176343,1
16585449878976541618,1
16588935922985787249,1
16596652502258344691,1
16605686232648987446,2
16610543476798779402,1
16612146450255575844,1
16616750995234704476,2
16617866148596799283,2
16621831241920556406,1
16639228277756904467,1
16640306949032076146,1
16642171832048169895,1
16650526544660349471,2
16654952596752502573,1
16667730481603693864,2
1666958338207514249,1
16670375067031821535,1
16673216869002143373,1
16676659775289659124,2
16683892257682152373,2
16685915995142306738,1
16686691797408508626,2
16688546074568017610,1
1669667873554066977,1
16698524145134986959,2
16701545429895825847,1
16713405865674609000,1
16720733146624275072,1
16722656056352871854,1
16724916658252329647,2
16725100646652581750,2
16729544879299437967,1
16731213060779122920,2
16736406554243134314,2
16737535523828164009,1
16738308661543346579,1
16738342745965248102,2
16739466056376434451,1
16742500480571890752,1
16755885526318123009,2
16761328122960561782,1
16766770465849393527,1
16777465673813751231,2
16781822408562012230,2
16786031713913839144,2
16788562696588854555,2
16797027931810403588,1
16805909823047968595,1
16808493426279898734,1
16811742176820769248,1
16813246647009683114,1
1681398054968687651,2
16819848773584313648,1
16822634594287786027,2
16825413684529501284,1
16847919516854066164,1
16851513676305517178,2
16854302066052399589,1
16855670335759367725,1
16860430775133062982,1
16863254602993258781,1
16867181469784686411,1
16875542390578326782,2
16882972545617381136,1
16893541500125054993,2
16906354575915977335,1
1690668854909850316,1
16917833595719775614,2
16925009679502285212,1
16932062764049166816,2
16933812276321074168,2
16939108655405263295,1
16940039460746138121,1
16946623195012682489,1
16952269062787857249,1
16974903600897029320,1
16977318546382901693,1
16980016190709564394,1
1698454140171556552,1
17030431049043694993,1
17034393811252293560,2
17044976081226241714,1
17044982442045065089,1
17047590502433996002,1
17053338111723872098,1
17062541980404256756,2
17066126326700886730,2
17069874595013709043,1
17079432179190358755,1
17082909968832868076,1
17083931049167801022,2
17087483438085044850,2
17098114492056661983,2
17098187534384433600,1
17098322545264206739,1
17100487707136621527,2
17101188785286372639,1
17117516440308810067,1
1711978014914149670,2
17122941519955946052,2
17133654341653682678,3
1714184983223354811,1
17146798525538204086,2
17159059797512450957,2
17160716386566098778,1
17163386823749458830,1
17164032961672401841,2
17165632406880329563,1
17168462554930152454,1
17170962887037464423,1
17172891198422690130,1
17196500264263823945,1
172087064988540286,1
17232176138048316994,1
17232237690654785978,2
1723989576901317611,2
17242329893799948370,2
17246207253400632527,1
17258140573432377843,2
17266880677858293972,1
17267971179244679365,1
17268665654978541916,2
17279063909790289615,1
17290493820988970883,2
17301393042297286321,1
17302388205155047392,1
17303673265999594137,3
17323277600664180727,2
17335623950473637708,1
17354745098773790667,2
17359460624942160092,1
17359763034314725129,2
17369666695638555377,3
17373217495043714360,1
1738404767287197707,1
17388627353641329580,2
17400005335089759379,2
17400212688678069140,1
17403352384502354810,1
1740925115106804356,1
17410187357299349608,2
17412055317459302996,1
17424048481661516120,2
174264993386277948,2
17428329162503034904,2
17432163402895859633,1
17434270391843426682,1
17434717511131198410,1
17438554559931743193,1
17439041029485513075,1
17454323263950485260,1
17461950827516727449,3
17463305411968264646,1
17466425075839404751,1
17470542014282635752,2
17470708941059541792,1
1747115005944912637,1
17472176444715685448,2
17472581633809830465,1
17482398985650547195,1
17486533840032132817,1
17498452652846632457,1
17507818445230562099,1
17508635885006934131,1
17514516318163127088,1
17522011420710621676,1
17523880935796353232,1
17524509777723670244,1
17531686595371003728,1
17537634225083639260,2
17539012740714066814,1
17545985426520598454,1
17546766618281878429,2
17548905557153080549,2
17549599596530907468,1
17550042060795872840,2
17555996060249012568,2
17560930860823182017,1
17562670214244223417,1
17569968024687624058,1
17571777902461273403,2
17573575340962814811,1
17591730494575799258,1
17593734989035923307,1
17598725156084790320,1
17598996086673946522,1
17608756661651693071,2
17611674075647525313,1
17614616457959437365,2
17620127671037529047,1
17623202672492882110,1
17631080336225112498,1
17631566880571881258,1
17634898164696014396,1
17638257883331396703,2
17639322929621332125,1
17654579835155798514,2
17656211469434798019,1
17675908149771148787,2
17679335034675662385,1
17680197372975760655,1
17680452165314155962,1
17686353905178904558,2
17695692270793943928,2
17703125891617186284,1
17705065944112152323,1
17705220593230592597,1
17706977431179355201,1
17717293796920436650,1
17721583808450363559,1
17728113983320025934,2
17738818445049018443,2
17748443607792448389,1
17755023827786625592,2
17755090097406020849,1
17755772955398867585,2
17760361583144987225,1
17763667849521368696,2
17764146266113813339,1
17766974339834174250,1
17767689079681016161,1
17772147776041383829,1
17774453791365917610,2
17777084864645786559,1
17778468336956967560,2
1782342915183588584,1
1782572871722687723,1
1784357145588824822,1
17849480241311215413,1
17852745897071576320,1
17855814788118629898,1
17887222976810563561,2
17888613680427502695,2
17890131968606324297,1
17900244034108382474,1
1790195786750868512,1
17904818141308003088,2
17918846589582348706,1
17930469606653203821,1
17931334140505191409,1
17937301976056222006,1
17939434807740088672,1
17949271897327302310,2
17976221601763028400,1
17976956080095347234,1
17983730292686245927,2
17985777701150832063,2
17997008652084445921,2
17997869493782520667,2
18004840586643431586,1
18019569246246017272,2
18023750048458029013,3
18026510075639293242,2
18027033500160728150,2
18031047912149013536,2
18031205242573351695,1
18031567117349349762,1
18034511822473790177,2
18043750598423395192,2
18043778714792820323,1
18045885312476631010,1
18047905868426226250,1
18048452741946624967,2
18051053603474449592,2
18056253605877518564,1
18061310332934252002,1
18063718908113391524,1
18077634753618262593,1
18079245369413866921,1
18088648213466036877,2
18092914165125064447,2
18108518265850018717,1
18110203564616371133,2
18126335088410726338,1
18131478414419206854,2
18132398299035225322,2
18133453403186863398,1
18138078299031962649,1
18140992283592146467,1
18149950941937324646,1
18150990319159235727,2
18151941771487700511,2
1815210792963958711,1
18158903074533772666,1
18161260339420169438,1
18167143621365330844,2
18171999964189308944,1
18173944549640795901,2
18178101806592969986,1
18187234598883369561,2
18189897760289643833,2
18194998650199537493,2
18199501439910965423,2
18207322735788891338,2
1820943673096120495,2
18215221314709393519,1
18225995573285773418,1
1822931138889415251,1
18232201731887989846,2
18233978758505935769,1
18260118691820146536,1
18265057162049837297,2
18265550231030996136,1
18266456314489039821,1
18267628251079899999,2
18283549039778543362,1
18286341463040405507,1
18287249615640863177,2
18297288674223227862,2
18298741637800034863,2
18301155802397007776,1
18301794402400213315,1
18307776775552505125,1
18309130493966714738,2
18310244188551194091,2
18310355711921549312,1
18313226942388431923,2
18313725659759346064,1
18319794294898391703,1
1832114279843227555,2
18328683239405383792,1
18336231808958557727,2
18341593480218786131,2
18357357777448339116,2
18359510245912641839,1
18385377142974699602,2
18386768773628399677,1
18387106188091806626,1
18389462220459713385,2
1839468307503146725,2
18410213053770639368,1
18410627389768676525,2
1841583760899457919,1
18428165183621946429,1
18428374420763421407,2
18432947048951370496,2
18435640763331032921,2
18435692556095831763,1
1859474732890606112,2
1860510424934129816,2
186379554108156464,1
1868156121665666931,2
1883521066540020870,1
1892471566087091775,1
1898329990300709847,1
1907126683460687425,2
1914455518054945013,2
1919522298901578878,1
1928381252029116277,1
1929252627535991492,2
1931230041164405227,2
1944025230544236295,3
1949960244532725542,1
1952747021588842524,1
1969610455032574778,1
1972940331543892005,2
1974604503880222154,1
1980692601234211395,2
1982149509952896657,2
1982697014407192374,1
1994650224829394378,1
1999546055451097986,1
2003991424470085880,1
2006505991297986460,1
2007750926971678738,1
201161544478657784,2
201470902016647087,1
2023751502523799916,1
2025279795240644924,2
2039137476588457506,1
2040071297521832535,1
2051336134944238711,2
205149724715807232,2
2053488745298620232,1
2061143753563067288,2
2065382618494171056,1
2078043726212011982,1
2098160995436054517,1
2098845119267808258,2
210382300085728635,2
2106438969539956678,1
2108213193614579216,1
211362208512806789,2
2116049054918120012,2
2118447215394262801,2
2118532682092590274,1
2122018582887164312,2
2123903692631392894,1
2125623320619737048,1
2132339665006442339,1
2135088326248113118,1
2142579186621292800,1
2152614802545693968,1
2155198154468997780,1
2157457296729688713,1
2165287130368743982,2
2175303739122894058,2
2188196583938714406,2
2189751297604796217,1
2197750023684328147,1
2203632054710615628,2
2216070579886700924,1
2217516832681687765,2
2218247092042549934,1
2219051366751444787,2
2225286814144663796,1
2227783698281648899,1
2236959111665636505,2
2237618089179410215,2
2241777855289254508,1
2242422389291864806,1
2246576426242158704,1
2267386254880022050,2
227574143677248117,2
2285789228688790936,1
230340606502317634,1
230390566016991546,2
230680742501833343,2
2314158397832791476,1
2314303493318320377,2
2316186468906694597,2
2320005295159261426,1
2321744942643295787,2
2322499983612634413,1
2326794673152074952,2
2359998156905994908,2
2387887443762946146,1
2392590966021012939,1
2392776060818729663,1
239580892001002813,2
2410649121903251774,1
2410826850279205128,2
2413346121892883154,1
2437622298746268949,1
2438120401506711286,2
2440589004794738903,2
2442888349885837548,2
2452149446039441663,1
2452243712704924208,2
2452794430057756590,1
2459487455971875676,1
2462077913197886121,1
2467818396924465313,1
2474678029164299037,2
2478019991381563021,1
2478783194424813213,2
2481896904140804882,1
2486472074119244974,1
2487058822654062935,1
2499957055014983321,1
2505945668108446656,2
250652482475646905,2
2506842937216649030,1
2507059312059571819,1
2520993131515405732,1
2526923697220410632,1
2531516037275637285,1
255940167902586572,1
2559763744980756582,2
2563817265178270570,1
2569603118450497401,1
2573706182054430020,2
2579384941656273502,1
2582007645118414825,1
2584382284099612806,1
2584566138982286346,2
2585496506460217340,1
2586767629431373511,2
2586801182262182930,1
258769635425678373,2
2598477007063492128,1
2605683151725370430,1
2608375418126172390,2
262543420035925971,1
26340434247973425,2
2634705197922580170,2
26357740745293344,1
2640195191623363531,1
2642747461656858476,2
2645043740697108668,1
2646671860914340338,1
2647594378448666081,1
2649131928909916458,2
265546882723398860,1
2658188815136208372,2
2664186476269453428,1
2665545598068201399,2
2667029279805801080,1
2670049800695181016,3
2672999184112833011,1
267422581717274696,1
267556850973166005,2
267919956254359345,1
2688516301297676654,1
2701657018333247479,1
2707227437616425207,1
2719232641742144446,1
2720569586969029773,1
2721401931809844732,1
2728030028374285753,1
2734241149454221238,1
274289567522463703,2
2744028837226647813,1
2750496381121856736,2
2751792561206522112,2
2752571178890003766,2
2753651314735212420,1
275444461304056987,1
2759202807981347517,2
2762608879047939420,2
2763810046326955711,1
2767938555542151856,1
2773030507392477800,1
2781695488832249759,1
2785243576001751524,1
2786571042644472220,2
2791380431598185961,1
2802050537110917278,1
2802515447709947652,1
2803121384062828219,2
2806567776136030101,1
2816012666893587181,2
2826695478766564991,1
2831621817374241020,1
2831991573892956184,2
2832515768476097578,2
2839745236118435881,1
2849887360013341103,2
2861017117957015641,2
2868083669749893220,2
2871571783254366703,1
2873549655780717608,2
2874863921417931390,1
2882255020416307375,1
2886719047593972469,1
2909446597071262896,1
2911301670390466940,1
2912344518495196746,1
2917676553890902930,2
2923887578554615285,1
2928597672783375236,1
2933425303195068243,1
294070604044239981,2
2946124945469883196,1
2947165069369882328,2
2947532327530093244,1
2954355046189566755,2
2957066004956318705,1
2959103774776959297,1
2959471412260092742,3
2962109893606079599,2
2966696398883691011,2
2967987845940625494,3
2979593432930902852,2
2993111650854793852,3
2996032641560094083,3
3001506435383681166,2
3006170639741898677,2
3018169424664391756,1
3023176517827787823,1
3031131933933684718,1
3035222826493360433,2
303858071847192168,1
3044327160113731372,1
3055458750172165441,1
3056529551346733783,1
3057165179985682969,1
3058745240864686483,2
3060754122859010055,1
3064588650920876762,2
3070968110824490158,1
307158884026596169,1
3072199953689909237,2
3080229605358125082,3
3090103022687700592,1
3097719622869029058,1
3101877887889483250,2
3111018437184166781,2
3111598881711423369,1
3118039681823466506,2
3121447989237757821,2
3123818049200778216,1
3125298080093254055,2
3131820666315653739,2
3150185647252333451,1
3173607427329431032,2
3176349016971832364,3
3190207717881231406,1
3192996320462567278,2
3199797172990468977,1
3209762735512807253,1
3210985061413398307,2
3219049095808769241,1
321931363638444225,1
3223030227442125950,2
3226644330822083656,1
32379237480865864,2
3245254221938325971,1
324720630681229263,1
3247711360996810831,1
3248321316508009633,2
3252798684101178705,2
3255897992108660020,2
3265916776829223631,2
3267276186699018807,2
3275296544748505179,1
3282667684447300343,2
3284575693819898359,1
3294311203854057559,1
3296593185576500542,2
3297959181078624283,1
3299583319453591195,1
3303051448768899721,2
3313362186208311014,1
3322009243893674836,2
3336527351329591418,1
3342078906776740689,2
3349319199714382835,2
3357251314559803689,2
3372541336185223029,1
3388811494993250086,1
3391843833714761899,1
3392235992970544693,1
3392823372340226515,2
3394947524581177760,1
3403071166990535838,1
3404763216627846724,1
3414730371119792869,1
3435749346717912374,2
3441726652531084589,1
3464054979835042612,1
3464638824232022434,2
346670366798575547,1
3471212776879567480,2
3473862657193985968,1
3482431133306035474,2
348761303119133180,2
3490301162437018584,2
3495017591759304370,2
3507374426711904310,1
3513225936531386183,2
3516792634001360137,1
3521710330620048774,1
3521983938754989084,1
352413567843442489,1
3525710506371080617,2
3532055476009509071,2
353614941475958018,2
3539259719711685425,1
3545213107096602818,2
3547381977041024474,1
3547828237337075046,2
3550056155428906532,1
3552672227573320264,1
3561917788800116638,1
3580046187541743579,1
3584961367814188567,1
3595425559658903633,1
3596692726851786400,2
3598462664939754767,2
3609709255321524864,2
3614818894237880359,2
3615508968594511587,1
3624373651139552908,2
3627678977416813482,2
3631886844076732246,1
363293857857070411,2
3634731401921029719,2
3640237549289437525,1
3640582245801261981,1
3640775894077258830,1
3657335102789003901,2
3662516545367318405,1
3667137107266216702,2
367333330230506375,1
368899619733468287,1
3692268322136411958,1
3693154006287053195,1
3699367325571415348,2
3702208717312700649,2
3702933331604051400,1
3714873046750635843,2
3715296821726160664,1
3718825110739059034,1
3723778201170795815,1
3728447110676915305,1
3752392376965249552,1
3762653795815069604,1
3765222497475862152,1
3767772183319719934,2
3767849129566444125,1
3772069807156704849,2
3776423017355193828,2
3782429872065421850,1
3784863055541323000,2
3795279471350732357,1
3800237267336426531,1
3806897807467570047,2
3808877884552185649,2
3812796177440599975,2
3822323307660629237,1
382804114106477115,1
3831665108236581689,3
3845598244792621613,1
3852775141863673605,1
3855734648132775068,1
3858679545091904390,1
3859153095823046820,1
3865053499228424352,1
3867862336667339643,2
3894480783140452073,2
3896515120355968049,2
3899707012891019224,1
3911414935903508647,2
3913910958595354647,1
3940534675488465463,2
39429160471652206,1
3943285862579583406,1
3948804572557315553,1
3964556970519084671,2
3964877201356729559,2
3968431705417104689,1
39766340621071019,1
3983480147241295266,1
3987958719202713579,2
3994026388182116695,2
3994075362471349799,1
4005308406619434467,2
4008990164046783624,1
4013416482508136817,1
4017198741012950362,1
4019092880548536383,1
4026586519173571570,2
4028941753044204309,1
4031436365004108953,1
4042156979045722393,2
404514796519340422,1
4052472736625451280,1
4055022689580641235,2
4059193265649180975,1
4066019106364157240,2
4069087825347746329,2
4076422451108037277,1
4077078011214005059,2
4080572447970730334,2
4082020401929624564,1
408314130691741134,2
4085173938071215206,1
4090366478112527935,3
4097306809354980960,1
4098861577628030611,1
4104804372848214347,2
410584627199461081,2
4113160881056252324,2
4130930888692765720,1
4137523875787338195,2
4142378514006121448,1
4144402941602130799,1
4146310658344811420,1
4150390256577106024,2
4150910324259419689,2
4151564144266798803,1
4159150919735232641,1
4159676918188956756,1
4168627345737713941,2
4175194505271322798,2
4176224299214835672,2
417633686521808948,2
4180427643693622031,1
4189651828838019537,2
4196346676451508628,1
4203052146308886582,1
4230911844100343953,1
423163730916127974,2
4236406303356731573,1
4241796124300416642,1
4244672460985049638,3
424921240376861520,1
4263810682235977403,2
4265207061921900571,2
4266363842234556784,1
4269047537472112344,1
4275730597184860733,1
4290065778632228924,2
4301860572577414798,1
4323518077341965685,1
4336262646030482580,3
4337693804907234746,1
4351145123752944521,2
4351854245959013096,2
4352120986065405754,1
4364677247753762086,1
4367730191107701133,2
4376881403379067150,3
4383552489837828953,2
4384233852386850172,1
439158501934073309,1
439258168657581211,1
4403942668175494211,1
4411772790778608384,1
4417051499006654416,2
4417794627206440231,1
4422219160035440969,1
4424149266696628976,1
4429446587346471542,2
4431611141370628177,1
4433696726820049394,1
4439640815247825039,4
444486751225904621,2
4450757664694947723,1
4456357752510266183,1
4460783703866200548,1
4473218571421099514,2
4473226776448713234,1
4476689862867528253,2
4485186644683441449,2
4485538016060072800,1
4499513748923678223,1
4505876380693968692,1
4506165567623398613,1
4508009215197777366,2
4510098796637578872,1
4530906919495590568,1
4568928271310572231,1
4574249302809649915,1
4580142036291567944,1
4581275638427935579,2
4591773985272435241,2
4595628327671836493,1
4599574598586250532,1
4600072186104276262,1
4600678675160649494,3
4601377099258716402,1
4621485556860215632,1
4626240050905324179,3
46294784684191410,2
4630795268289466765,2
4634606161503052843,2
4636648848972454680,1
4659928545788900340,2
4682270774032095408,2
4689249759704373838,1
4700529996982674453,1
4702477606504730997,1
4713287014253239300,1
4716536045109074238,3
4716909335360394040,1
4721248150469751690,2
4722238386390213272,1
4727583046298167088,1
4739451140015138428,1
4741250485178886339,1
4751570785297306601,1
4752104546394469378,1
4753273538277800127,1
4757596637867988503,1
4761182680368172585,2
4770207887817708097,2
4790830782261907555,2
4801039702306923864,1
4812925452384083783,1
4817600581072331150,2
4817852973470372635,1
4825168937707165038,1
4827373872752881503,1
4833980778117259810,1
4833986860466232468,1
4847127276053637929,1
4851325856425772218,1
4851448425168133772,1
4883589116655340630,1
4889568293819526513,1
4893030621056386169,2
4898966121994210999,2
4900320951662470765,1
4902889065979707542,1
4910633400072640212,1
4911178085793884416,1
4911740415219972776,1
491995699857801620,2
4928325366929982258,1
4929494948988066628,1
4934763457464453379,1
4940057054254408343,1
4942083325006061762,1
4945120199265832804,2
4950523664013267633,1
4951164950577469656,2
4963093357448195923,1
4969588994232581171,1
4969977685945467071,1
4970450103489918341,2
4983066612098525581,1
500202168191671673,2
501149677765812358,2
5014684148691687379,1
5016780462094425336,1
5017576453301982631,2
5017919517662970202,1
5019447824312539638,2
5020162894193220820,1
502559969274951612,1
504764825299183030,1
5048509772976425530,2
5049145914668014511,1
5054708448218865995,1
506466575246578065,3
5082256190026820762,1
5085149034280346110,1
5085758966148087534,2
5088125478691394059,1
5096146451189614770,1
5100282437470991167,2
5108026627446693085,1
5111872545315582519,2
5114146939721600473,1
511600984549940995,1
512073387048818503,1
512416766570348313,2
5130497419229901145,2
5137589344413249609,1
5137751152046787601,1
5140104995859378006,1
5145009474227582016,1
5153507136132914823,1
5161345747075398390,2
516452116503593413,3
5164956082457132545,1
5169239771679593439,1
5172331267195971544,1
5176563241889058943,1
5184635967837671921,2
5200256866357219691,1
5200534032277076163,1
5207225678097813896,2
5211483633648332185,1
5218418992120987731,1
5235512316147736797,1
5239807412692091982,1
5250684661067214141,1
5266949004398565414,1
5267035138249173467,1
5268040577523168365,1
5276019143356509161,1
5283015299042603227,2
5293369926366017575,1
5301507661030043715,1
530173302581944108,1
5318750467515025989,1
5322281225098997393,1
5328386126169766422,1
5328563886718348953,1
5329032722022894917,2
533232715845823721,1
5334731233780472,1
5342450009649999450,1
5348911005088284975,1
5349691423837450253,2
5359641282953000438,1
5372487619318439446,2
538204303894939534,2
5383975216586076746,1
5394162749671336095,1
5395358784044692394,1
5395741772797209815,1
5408755986753441960,1
5416153562102095254,1
5417439887040844979,1
5443181678268469842,2
5444377066147998284,2
5464761389741008839,1
5466934552288295077,2
5478649325974687507,2
5478753157681745705,1
5479536690281594567,1
5481076270884123653,1
5484846215839676889,2
5488252094258553099,1
5498219175961417969,1
5501466006493489100,1
5502604703873067718,2
5505655267129737747,1
5518715152560177163,2
5524693624790692241,2
5533396667050718899,1
5533587533985423279,1
5534573961026348418,2
5539974307301859763,2
5546448590683738994,1
5546492059279643512,2
5549024915836923331,1
5549662487462223162,1
5566526256496094616,2
5568596347047390880,1
5581132971984918442,1
5583063904645702016,1
5584118432120566885,2
5594731998389278939,2
5600757094597304280,1
5600879089118766609,1
5607481584155701211,1
5609599210879673086,2
5615129303342567594,1
5615283052738017722,2
5618853862063107109,1
5631877721675744646,2
5633383626495208602,1
5636837374803925755,2
5640590063585888482,2
5640608605338862759,1
5647157090601602173,2
5649926153278189836,1
5660787096757894500,1
5667999237302246384,1
5681960727423822633,2
5682187952903850308,1
5695691771651079247,2
5697216990629941419,2
5697722751575239192,2
5703623597120645587,1
5708192836815200615,2
571213620673430823,1
5725862629602833556,1
5727768516718413441,1
5729211543266629564,1
5732908096231447460,1
5735572640018768745,2
5736808011136303460,1
5740524389152295380,1
5742619001917710285,1
5742907015660711573,1
5743510213613662523,1
5754685554918854428,1
5755648692290155841,1
5763258757950229096,1
5763985364812445183,1
5767534453115147553,1
5773936476242404560,1
5781884001684347066,1
5806071291595673756,1
5809694945659798846,2
5814722096238002514,1
5818990246421266579,1
5819973560910491679,2
5824513096981029124,1
5832348935833105965,1
5833973869595162465,1
5854591100016950351,1
5858762230523845613,1
5859191236968719883,1
5861354475450616575,1
5867487989157253936,2
5870492298119817231,2
5871084922629469898,1
587287623024064450,1
5873881626471554293,1
5890313452593494304,1
5892624626351324351,2
5895909973601668971,1
590434027323057578,2
5908300305216139671,1
5910420785207374147,1
591453343209050146,1
5924230808014871435,2
5925167451750770729,2
5927757254843675836,2
5928779497150733871,1
5929754010390674503,1
5936137285503520532,2
5938018889944939828,1
5943597956168859438,2
5946070011448745038,2
5949812213007941172,2
5964264499688374633,1
5970901868845638141,1
598878508404493399,2
5995206099524465922,2
5996096531923010467,1
5996284335438838532,2
599648504482601538,1
5999039976743422517,1
599960002481974449,1
6007213063342425103,1
6014396443883033686,1
6017733423688464498,2
6022182392128255629,2
6022496419161495329,2
6030374311399888012,2
6035592563466456263,2
6042119724996446339,2
6046502422415830898,1
6047578384973911380,1
6057904882304967568,1
6075524670590841242,2
6077202476175006736,2
6078924237697533804,2
6086142709136680518,2
6109886549579197978,1
6111617059058845329,1
6116963881579542990,1
611852211570150211,2
6129493147201190896,1
6139677413560930574,1
6151931619827501112,1
6169966983088772905,1
6180404365902065540,1
6186623097121219414,1
6203356527092803444,1
6210918513411884854,1
6216190112863445712,2
6221762117374567241,2
6229159286904412148,2
6230596079389485748,1
6231504035227525743,2
623234875249884398,1
6233594462626306455,1
6240804786714586472,1
6246928357890266664,1
6250868231353585724,2
6257209232690720875,1
6271685878141520256,1
6272741387850134734,2
6278866533773882385,2
6278893653424156356,1
6281975892889667193,1
6285024282734201005,1
6286101675426797499,2
628968611807714828,2
6297438352580335676,2
6305085877484023769,1
6319062354763403881,2
6321751194638404226,1
6322846241332590438,1
632358166287517836,1
6327044998816560257,2
6327204384560961184,2
6328830816511636695,1
6332517703610357674,2
6333284441374981180,2
6344398618201089941,1
6345563625292801116,1
6348836601144874461,1
6349991230599752168,2
6350908348993255002,1
6355347670228120622,1
6361742395207983476,2
6365533571084881092,1
6376952905402738395,1
6377694297279820370,1
6382675243148104640,1
6383508665152145412,1
6400399897244948472,2
6406162100616916957,2
6407873087381976517,2
6408023753222079074,3
6408295605347889000,1
6409278929781815615,1
6411472545114331050,2
6414428500963200222,2
6417761909499212251,1
6419073946710465746,1
6425657546755722132,1
6429393411144108881,2
6448726224696859736,1
6449926146364394115,2
6460074304451995916,2
6460430914082483981,1
6473310209792554934,1
6485898995366165901,1
6489788771997930391,1
6492673938428937048,1
6498933554284429525,2
6500460325170443858,1
6501373809143004970,1
6503343397986482835,1
6510352316209918957,1
6511795932631289656,1
6521867830356184252,2
6535714307010960762,1
6546374096044036769,1
6549182428945246974,1
6552540424969465063,1
6566361955531781765,2
6567345306382484285,2
6578908158205473452,1
6585411195204754786,1
6591229064009355577,2
659149543580830237,3
6603094658276041918,2
6613999416321138335,1
661481896643349596,2
6622905259719319677,2
6624464849304530676,2
6637517015658860869,1
664269618664583019,2
6644545854910680437,1
664542046755339501,1
6651154106297197479,1
6651617415541889328,1
6668054649224600680,1
6668544446325349490,1
6672003242236083573,2
6697272255634949709,1
6715505817024890604,1
6718311866128702622,2
6728682233688971679,2
6732946157374001326,2
6743693809510581438,2
6746992622819969903,1
6747094045205686098,1
6750485333113055974,1
6753509810151460884,1
6755277382923186506,1
6758393157616429437,1
6764322281017364141,2
6772583122582417476,1
677954467455681976,1
6785031654764015400,2
6785661648210188262,1
6789963867290655806,1
6790416068796486968,1
6795851644447500504,1
6802435498292559045,2
6806169412834996990,2
680624230371659095,2
680626686434658117,2
6813543614276103332,2
6813762737573903201,1
6822398260603264349,1
6824566522215959273,1
6834090721447196000,1
6844790209981517759,1
6862291220252351510,1
6869238172426528633,1
6874361243090211825,2
6878285558301246773,1
6879007792146132733,1
6880233259642108099,2
6885353798446787620,1
6891502818796826542,2
6928915803574147929,1
6929056087339851707,1
6934020847711027740,2
6946506167551847562,1
6950995992286030846,1
6951433864185578546,2
6955285090332961077,1
695872228225807535,1
6971432615748063497,1
6974358533502390616,2
69767236322760316,1
6978063971533358817,1
6981884998979257744,2
6989469776397183636,2
6992720683223462631,2
6996152499432107408,1
6999371585403828082,2
7002778913571170249,2
7002955624362475169,1
7013249051677403890,1
7013682320248339956,2
7039780636494877210,1
7049590339637769854,1
705600347445514526,1
705958564224561436,1
7063664666352111110,2
7065376751762284769,1
7070574704162858579,2
7072264474108557377,1
707510768191470942,2
7090205969688949235,2
709462857941519017,2
7097671243645901511,1
7098788801459133694,2
7099554326325211810,1
710420499222528249,1
7113368283059900869,2
7118458771780163127,2
713135415444070374,1
7134719848298917934,2
7137279703717011136,1
7157444756444565776,1
7163696642838473130,1
7172695976835303223,2
7184967796393020014,2
7191239521892056685,1
7195260263672651042,2
7198957456226617203,2
7203612202098259859,1
7207685118814988031,2
721218272353549140,2
7214678424653841715,1
722881655726070254,1
7235162954741640224,1
7241419364426502440,1
7249806025466540843,2
7260906648377728276,2
7263284013913234600,2
7265831949297920186,1
7270508802544927503,2
7287456771046240503,1
7294991308252065648,1
7297898353425118454,2
7300488369445128664,2
730584358242276331,2
7314832248185665197,1
7321904352742223858,1
7325417408207615106,2
7331970886460560378,1
7333983901403083616,1
7335397329975504851,1
7335886158738787679,2
7341104269355180370,1
7342288112262717236,1
7344580587670698278,2
7346571479066017123,1
7351033956957466294,1
7352742342403842038,2
7354643582805717044,1
7359669167789288706,2
7360806153660896455,2
736274130775623237,1
7369232127764577346,1
7379417572184718201,2
738248032827080749,1
7388145962250604086,2
7395260774273446346,1
7395525050548537950,1
7395917793744781887,1
739911760664232376,2
7409517425610863362,1
7413540754808085310,1
7432527027502225385,2
7446569207813309645,2
7452669945680705525,1
7459685461327919529,2
7472607219856950790,1
7476681451832124696,1
7476821666680139217,1
7486859745052523166,1
7487145267572003507,1
7490224371028726673,1
7490562273314452833,2
7493337219808918433,1
7497432847364726421,2
7508227411125659487,1
7515528683040547907,1
7526818384968334317,2
7526916206317043355,2
7529652665678187322,1
7531327667251725484,1
7538911150533106343,1
754161519061598917,1
7542619685644781277,1
7546775789830554038,1
7547006336210057723,1
7552907718329108969,1
7559458337215090199,1
756403090744770215,1
7574916034986146316,1
7582572053008070376,1
759072214602023476,1
7599556181370327891,1
7605794738672628657,1
7610954271985252249,2
7617315138563953963,2
7623368123544273614,1
7625053370612510743,2
7628052379732294512,2
7630374176004988113,1
7631408034317353251,2
7637403738551294497,2
7643479865372795049,2
7648953558876596308,2
7656541169154597149,2
765926102612284040,1
7664854983950198884,1
7669605105246830840,1
7672613178162854398,2
7677196209421504001,1
7681299698299617255,1
7688889651242429062,2
7690608156839992370,1
7701935483808972970,2
771718317123050921,1
7723894130078437352,1
7725944821053201658,2
7734991389983460056,1
7735038962814405239,1
7736956999997961392,1
7740272842671381074,1
7744468448544441322,1
7770443208008352111,1
7770885168220057830,2
7772794468027712947,1
7776147118758980459,1
7786215588862977133,1
7788201584346457526,2
7792430613398021346,2
7793887121142980367,1
7812631381117765378,1
7814922973085441625,2
7823877386284617603,2
7825002785889241522,1
7843861555155947317,1
7846814181551759309,1
7849666592122272959,1
7856956723435727114,1
7875582627298032582,1
7886256975005111267,1
7886909259410374326,2
7887219284105790096,1
7888820301454705725,2
7900595375235441033,1
7909286243714630237,2
7911170574576506049,1
793742925363904080,1
7939768198484915582,1
7948339360033059019,1
7957766492819515677,1
7960897842712385826,2
7965879054932773069,1
7969242823967426875,2
7971319373652079246,1
7982298341985348292,2
798859521984949190,2
7988752981002607499,1
7991991669459960784,1
79945664288802044,1
8001431582526164781,1
8005329936077425639,1
8011549929872381537,1
8013152290581744978,2
8016271909815361126,2
801697748039836274,1
8018166885959018009,2
801977521942160688,1
802533184788720311,1
8047636865238838200,2
8055240471343498388,1
8064724281359707947,1
8077232243356021854,1
8082139884418463473,1
8082620260640948347,1
8087268625141390246,2
8101296716284262882,1
8107591405636433595,3
8111043175556084070,1
8114503751883424433,1
8129350252205394302,1
8142285915026774495,1
8142577991365588530,1
8145753147848895639,2
8146197221562885696,1
815267221267625227,2
8156837261834784177,1
8172532279522200276,2
817505296469905467,2
81796455691025392,2
8183515203451232903,1
8183753757643196297,2
8206085190772365800,1
8213739489733296702,1
8218581825123122638,1
8221875438447454952,2
8229883103534268579,1
8234307525753141393,1
8235798830988172750,1
8239111689398022810,1
8241199037714084226,1
8241463782481388264,2
8250487993028619437,1
8254309068907148593,2
8255454738796437767,2
8257596386529327237,1
8265985902029876611,1
8270729830092005026,1
827081728127852524,1
8279096999377178674,1
8280619234606609462,2
828988587219940208,2
8293075983548217802,1
8293525324266608150,2
8294799906541674527,1
8296024505706572436,2
829868964091232021,1
8314183425859757359,2
8321291845827789116,1
8321759985094275660,1
832441499226948643,3
8327083109686368285,2
8330828887426282797,2
8332461478222800201,1
8335952880820300806,2
8340324811746494233,1
8340638177344701774,1
834331261103135339,2
8347679601115545630,1
8350114929380087527,2
8360714043230615498,1
8367208541990450340,1
8369664976017983443,1
8373571658645076390,2
8415071931847865594,1
8416375028580076684,1
8417940999944222399,2
8429297383496818006,2
8431811508779133293,1
8440105684143753744,2
8445063716764867052,1
8449222084025386437,1
8454511417166804634,1
8457016063818743508,2
845750297932945103,2
8463187792200954047,2
8463630667102440207,1
8480653029471985882,2
848163211589901899,1
8482274526300029954,2
8492430166894542286,2
8493576177886734927,2
849627245000473809,2
8507395431100552127,1
8515966542192948464,1
8517679951577449251,1
8527769098540094908,2
8533046274276483835,2
8533465428328466492,1
8534896247660170963,2
8535508194543700183,3
8552539829167600865,1
8563122713923910810,1
8563796821675315544,1
8572987880719545829,2
8574521543291374019,1
8577062114162249946,1
8579077371346466984,3
8593613154262629348,2
8602249437040173579,1
8603638459286167932,2
8605878638110722838,2
8606972870886133720,2
8611009471529403242,2
8611621917412066319,2
8613683584107192036,1
8630978897427996909,2
8634874278580837786,2
8646737808943765903,2
8648865034265253383,1
865414628039032517,1
8658837347347923931,1
8659483347638780565,1
8676605862118301107,2
8677694619969900271,2
8682362329514589487,1
8684244614683743264,2
8689369086494644380,1
870959738778501443,1
8711468391052774259,2
8712142694136463540,1
8715520628707943760,1
8718272700317960665,2
8725729378484908500,2
8740044310120883807,2
87408336966662351,1
874412801387407306,1
8748301497923295725,2
875983539361897521,1
8762272302689386640,1
8768449609475377604,2
8811013473376209775,1
8815381178334497494,1
8834387658282968208,1
8840840473548885634,1
8850154205483468364,1
8859928840750503382,2
8864981704385867524,1
8865626586634466031,1
8866297448852452430,1
8866774377161316252,1
8871429267376935362,1
8875199189740573339,1
8886190801381467638,1
888803041136561144,2
8893746585520223495,1
889653361815343182,2
8906916357510813698,1
8909930590209149559,1
8920574819206561754,2
8921019771826582500,2
8921524255594113776,1
8928362980145485666,1
8932036348603021492,3
8933429929589019611,2
893917807837715432,2
8940874706169093060,2
8943255506399877560,1
8956506552102398910,2
8958485995481794919,1
8965765581766489066,1
8966885014049206012,2
8972591507076607758,2
8984245138060695655,1
899245265289655731,1
8993989681923876375,1
8999292925826949296,2
901503399472052873,2
9025042173437215370,2
9027246222471607264,2
9028422865467533456,3
9031440246695081214,1
9034720249462383204,1
9048251216175963895,2
9054337481306707256,1
9062761244920186683,2
9072149862055031290,1
9072355290357043205,1
9087433585741779069,2
9087972368154262340,1
9088926225040964570,1
9094740580490137557,2
9096212868442600870,2
9096988735784715547,2
9098347611058106651,1
909855988666595367,1
9107285737513951479,1
9115898486850882215,2
9116413723873768081,2
9130644047191865301,1
9136054313435915907,1
9137076059343566167,2
9137938710772484108,1
9138628678253136367,2
9139989801859364643,1
9163004605607615081,1
9180478810443590450,2
9197122519623317501,1
9215155594509319043,1
9230353107537994113,2
924541631717174567,2
9256911008021538656,1
9273913618187194714,1
9273919938903961463,3
9288094819909785833,2
9305583169809729668,1
930762949984719832,1
9317531588149693013,2
9340834740652201510,2
9346501053431071010,1
9384143822926973721,1
9387731114118288608,2
9388222004206747562,1
9401339302819177704,2
9427471486713607828,2
944013703391594928,1
9441276032021730104,2
9447411638026463078,1
9450382655684091497,1
9456188684018965422,2
9461063345850800712,1
9461529170122753886,2
9461853050871541276,1
9463119188031236244,1
9464547129685715131,1
946514901763573311,2
9471754272443433946,1
9486213092707374189,1
9503361601669963126,2
950861588149735691,2
9518622086369179837,1
9525697363158655803,1
9531033288261219958,1
95429590444704320,1
9546607453079865815,1
9548030407255187937,2
9548685887075940302,2
9551602193732862468,1
9553823200129776034,1
9567302052346106090,1
9572503935193389475,1
9574543821166306088,2
9587469377932907526,2
9588969813741616487,1
9596070293339962207,1
9596350342124222468,2
9607526648343209032,1
9612786250573467054,2
9620210766576621464,1
9623652645410331982,1
9629396510579389304,1
9629533185111852374,1
9637832429028512537,1
9637956116726905428,2
9644646145766345869,2
9647727288306193876,2
9650149124464418670,1
9659461357567088776,1
9666131238219064307,1
9675713618743711081,1
9677805659594153533,1
9680242927025669189,1
9697997805039845839,2
9700914122060763988,1
9718517290053207469,2
9724480554855649668,2
9741233506079455109,2
9748361637170091766,2
9751058827598592454,1
9755721957160425618,2
9756612738090527373,2
9757608662300425882,1
9762547094107134979,2
9764750763949449676,1
976508896060836373,2
9780254166896724730,1
978444745303613307,2
978619005833012195,2
98217169022986323,2
9831472002821736854,1
9834956894548102741,1
9841945065642201563,1
9877717580621996228,1
9883402269309008467,1
9886767418603351339,2
9887021573922495137,1
9893554072790730619,1
9893938410210137139,1
9903444962482809494,1
991149129820622212,2
9913396957517739867,2
9918625705083464849,2
9919355315106024601,1
9921612079838808536,3
9931794552484567039,2
9934422896434142477,1
994173783029166049,1
9943948352867868250,2
9949627131026093451,2
9964031959147441892,1
9979885811561076511,1
9980687560747142270,2
998794255650596159,2
9995681222726116110,1
10429143904325348844,2
10923732819766312357,2
11146277125032377463,1
11413070371253429023,2
11528070451986395624,1
12207445670293422468,2
12875830244395822771,2
13111834597178951588,1
13402151874148396341,1
1368832106493990875,2
137046377541371141,2
13762966543045540373,1
13766727450962359629,2
13804065906073688726,2
13979089222038084589,1
14021309019881899773,2
14031210776096586475,1
14469833348081379926,2
14843030589863904717,1
15586735058561217316,1
16347189494120718376,2
16990787652035626791,2
17157986075845435184,2
17755183049368408030,2
17957148806995376755,1
17986887453795279886,1
18095085064642350004,1
220862829939191023,1
2917293824950245459,2
2988678584216090094,1
3438377700756436120,2
3829299790257126758,3
3925338671825465538,2
4027279167686329867,2
4331525366334232066,2
4423906289940957899,2
4493424105487712574,2
465946587701228276,2
4669870662306218894,2
4737677107078572491,2
4747328897782643256,2
5088636615131950458,2
5299929999797709004,2
5307291931041180863,2
6436660063453913330,2
6818133023109836009,2
7465257409605919986,1
7827946281411139279,2
7983491162804727519,1
8061797794835529085,2
8212613622478310027,2
8238815536812847285,4
824392108764761517,1
8819193364763205141,1
9001001255032377855,2
9298829411300661832,1
9501918872252853079,1
9716147934954619516,2
